推荐人ID,推荐课程名称,授课老师,课程对应专业,课程所在平台,跳转链接,推荐人专业,推荐语,推荐日期
大头乔头很大,最适合中国人的音标课,英语兔,英语,B站官方账号,BV1iV411z7Nj,日语,兔老爹的英语语音发音分析得很详尽，还从英美发音习惯的对比上分析英语语音，适合初高中学生纠正错误的发音习惯，适合大学英专非英专学生培养正统英美口音的发音习惯。;适合大学英专非英专学生培养正统英美口音的发音习惯,2021年1月18日
小小哇哇,走近大诗人（陶渊明|李白|杜甫 合）,戴建业老师,汉语言文学,网易公开课,https://open.163.com/newview/movie/free?pid=MDUMJLOAP&mid=MDUTNIS5H,汉语言文学,老师讲课的节奏很舒服，一起来接受诗词的熏陶吧,2021年1月19日
天才改代码少年,自然语言处理入门,Michael Collins,自然语言处理,B站（国外公开课）,https://www.bilibili.com/video/BV1xx411B7UY?from=search&seid=10976806174105871785,计算机科学/人工智能/计算语言学,一套成体系的自然语言处理从入门到深入的课程,2021年2月9日
夏和半山,自动控制原理,Dr.CAN,自动控制原理,B站官方账号,https://www.bilibili.com/video/BV1jt411M7QU,自动化,没有复杂的公式推演，只是简单的讲解其中的联系,2021年2月8日
是我阿克希呀,住宅精细化设计,周燕珉,建筑设计,学堂在线,https://www.xuetangx.com/course/THU08281000445/4231099?channel=learn_title,建筑学,建筑学在读研究生表示住宅设计的讲解非常棒,2021年2月9日
是一只小黄鸭,主要是VASP的计算比较细致,华算科技b站账号,材料计算相关基础,B站官方账号,BV1Lf4y1S7Eg,材料物理（理论计算）,这些vasp的视频比纸质材料更好理解（我感觉），讲的还算比较细致，愿意在材料方面深造的同学可以看，线下的他们的课是收费的，但是线上是免费的。,2021年1月17日
黄芽,中医学基本思维原理,邓中甲,中医学,知盈,http://v.knowwing.com/special/details/2.html,中医学,,2021年2月9日
MF,中医基础理论,潘毅,中医学,大学资源网,http://www.dxzy163.com/view/index11062.html,中医学,中医入门，通俗易懂，加深对传统文化的了解,2021年1月18日
远志学,中医各家学说,李董男,中医各家学说,B站官方账号,BV1fC4y1s7cd,中医学,有趣的老师，但视频比较散，需要集合,2021年1月20日
5乘7等于35,中枢神经解刨,袁建新,应用心理,中国大学mooc,,应用心理,中枢学习的圣经,2021年1月17日
小小哇哇,中华诗词之美,叶嘉莹老师,汉语言文学,超星慕课,https://mooc1.chaoxing.com/nodedetailcontroller/visitnodedetail?courseId=200051834&knowledgeId=103648040,汉语言文学,了解诗词之美,2021年1月19日
ZCild,中国现当代文学史,,文学,爱课程（国家精品课）,http://www.icourses.cn/sCourse/course_6363.html,汉语言文学,国家级精品课程,2021年2月9日
张紫溟,中国现当代文学,丁帆,中国现当代文学,爱课程,http://www.icourses.cn/sCourse/course_3763.html,汉语言文学,视角新颖，对于很多问题给出了新的解释，本课为其两名博士生所讲授，合著有《中国新文学史》,2021年2月7日
ZCild,中国现当代文学,朱栋霖,文学,爱课程（国家精品课）,http://www.icourses.cn/sCourse/course_2644.html,汉语言文学,《中国现代文学史1915-2018》上下册的主编“朱栋霖”教授,2021年2月9日
云慢慢,中国文学史,欧丽娟,汉语言文学,台湾大学公开课,http://ocw.aca.ntu.edu.tw/ntu-ocw/index.php/ocw/cou/102S104,汉语言文学,讲解内容有深度，可以引发我们新思路,2021年1月19日
一介,中国书法,沈浩、沈乐平,书法学,中国大学MOOC,https://www.icourse163.org/course/CAA-1463205167?utm_source=weixin&utm_medium=iphoneShare&utm_campaign=share,书法学,书法是中国特有的一门传统艺术，是其传统文化的代表，凝结着中国独特的审美意识和生生不息的文化精神。林语堂先生在《吾土吾民》中写道：“书法提供了中国人以基本的美学原理”。所以，学习书法是了解中国文化和审美最为便捷的途径。,2021年4月20日
SW斯凯沃克,中国古建筑艺术,柳肃,建筑学（建筑历史方向）,中国大学MOOC,https://www.icourse163.org/course/HNU-43002,建筑学,给一般大众和非建筑专业学生的古建筑文化科普，历史与建筑形式相融合，而且柳肃老师都上央视百家讲坛了。,2021年2月10日
小小哇哇,中国古代文学史,尚学峰老师,汉语言文学,爱课程,http://www.icourses.cn/sCourse/course_3822.html,汉语言文学,思路清晰，很适合在校大学生用以夯实古代文学史基础,2021年1月19日
ZCild,中国古代文学史,,文学,爱课程（国家精品课）,http://www.icourses.cn/sCourse/course_3106.html,汉语言文学,国家级精品课程,2021年2月9日
北望秦塞,中国古代史,阎步克,历史系,B站,,历史学,,2021年7月30日
西窗残荷,中国古代建筑艺术,柳肃,建筑、城乡规划,中国大学MOOC,https://www.icourse163.org/course/0828HNU002-43002?utm_campaign=share&utm_medium=androidShare&utm_source=,城乡规划,帮助了解中国传统建筑与设计思想,2021年2月9日
六两点同学,植物学,刘朝辉,生物科学,中国大学MOOC,https://www.icourse163.org/course/CAU-1205809833?tid=1450245477,生物科学,配图多，形象生动，语速正好，讲的细,2021年1月16日
无缝苍蝇不叮蛋,植物生理学,郁飞,生物学,中国大学mooc,直接搜索课程名称,生物技术,对生物学专业英语、细胞信号通路研究有很大帮助,2021年1月26日
M.urderer,制冷与低温技术原理,鱼剑琳等,制冷与低温工程,慕课,https://www.icourse163.org/course/XJTU-1206502809?tid=1457129445,新能源科学与工程（制冷空调）,虽然感觉没我们老师讲的好嗯，但是是搜到的比较好的了感觉,2021年2月9日
M.urderer,制冷与低温技术原理,吴业正等,制冷与低温工程,爱课程,http://www.icourses.cn/sCourse/course_7098.html,新能源科学与工程（制冷空调）,比上面那个好一点但是老一点,而且他的制冷原理与设备的教材写的很好,2021年2月9日
Humphrey,政治哲学导论,Steven B. Smith,政治哲学,网易公开课,https://open.163.com/newview/movie/free?pid=M6GGNNMHL&mid=M6GLERDK0,政治学,入门的政治政治哲学课程，梦开始的地方。适合对政治学等专业的学生课外拓展用，或者对正在准备英美大学的PPE专业的面试及笔试的同学。,2021年2月11日
阿幸,政治经济学,张俊山,政治经济学,国家精品课,http://www.icourses.cn/sCourse/course_3699.html,旅游管理专业,政治经济学—现代视角，有别于西方经济学。结合实际而不空洞,2021年1月17日
就是那么方,政治经济学,龚立新等,经济学,中国大学mooc,https://www.icourse163.org/course/JXUFE-1207171810,经济学,龚教授讲得很通俗易懂，拯救了我这个完全没听过课的,2021年1月18日
杀杀菌,哲学通论,孙正律,哲学,网易公开课,http://open.163.com/newview/movie/courseintro?newurl=%2Fspecial%2Fcuvocw%2Fzhexuetonglun.html,音乐,哲学入门，也可以算是给你一个哲学框架，总共只有5讲，却受益匪浅，建议配合教授写的书（书已成教材）一起食用，效果更佳,2021年1月18日
杭奕,哲学史,吴晓明,哲学系、思政教育,B站（搜索吴晓明）,https://www.bilibili.com/video/BV11x411i7RR?from=search&seid=8114233094405296433,马原、马克思主义哲学,具有启发意义的马克思主义哲学史入门视频,2021年3月1日
杭奕,哲学史,张志伟,哲学系,,https://www.bilibili.com/video/BV16t411p7n8?from=search&seid=15504999488294432164,哲学史,西方哲学史入门视频,2021年3月1日
鹤鸣山居,兆筱-轻松学习高等数学,兆筱小分队,高等数学,b站官方账号,https://space.bilibili.com/386629955,市场营销,up是一位声音温柔好听，讲课条理明晰的学长,2021年2月8日
十五的月亮十六袁,原子物理学,物理系的允文君,原子物理学,b站up主,https://www.bilibili.com/video/BV1RW411N7kg,大学物理,分享的网址只有绪论，其他优质课程在他个人主页里找,2021年2月9日
干饭王,原子核物理,赵玉杰,核工程与核技术,智慧树,https://coursehome.zhihuishu.com/courseHome/1000008824#teachTeam,核工程与核技术,对于想学核专业的同学，入门相对友好且难度相对较小,2021年2月8日
星川風海,园林树木学,于晓南,风景园林,B站up主官方,https://www.bilibili.com/video/BV1Y64y1M7Ar,风景园林,,2021年2月9日
驹驹特爱笑,语言传播的发声艺术,赵俐、徐树华、孙艳梅、潘洁,播音与主持艺术,中国大学MOOC,https://www.icourse163.org/course/CUC-1462063164,播音与主持艺术,本课程主要从呼吸、吐字、发声、共鸣和情声气结合等方面进行讲解和训练，帮助播音主持专业学生以及其他进行语言传播的朋友提高用声能力，提升声音形象，获得更好的表达效果。,2021年2月10日
碳碳apartment,玉雕与玉器,郭颖,宝石材料学,网易公开课,https://open.163.com/newview/movie/free?pid=M98F2ENTN&mid=M98PHBOKO,材料化学,老师绘声绘色地讲述玉与玉文化，校园公开课供不应求,2021年2月9日
期末头秃人,有趣的病理学（学校很受欢迎的选修课）,B站-程Sir只是个老师,临床病理学,B站up主,BV11N411d7z1,临床医学,病理学并不是枯燥的，也是很有趣。,2021年2月9日
某常见物质,有机化学先修课系列,B站up主楼上工具人,有机化学,B站up主,BV1at4y1B7Ju,有机化学,以学生视角制作的网课，低起点起步讲解基础知识，课程链接可能会再次更新,2021年2月10日
无,有机化学,李艳梅,有机化学,学堂在线,https://www.xuetangx.com/course/THU07031000429/5883025?channel=search_result,药学,看过都说好,2021年1月17日
天気,有机化学,李艳梅,有机化学,学堂在线,https://www.xuetangx.com/course/THU07031000429/5883025?channel=search_result,生物技术,条理很清晰，重点也很清楚,2021年1月18日
南坊二狗子,有机化学,曹敏惠、江洪,有机化学,中国大学mooc,http://163.lu/WkrXP0,有机化学,复习时发现，强推曹敏惠老师的课时，曹老师讲课非常有亲和力，而且清晰明白，曹老师很有人格魅力，大爱。,2021年2月9日
学到头秃才算完,有机化学,李艳梅,化学、药学,学堂在线,https://www.xuetangx.com/course/THU07031000429/5883025?channel=search_result,药学,老师将有机化学讲的非常透彻、细致，看了一定受益良多。考研、感兴趣都可以看看。,2021年2月9日
学到头秃才算完,有机化学,芦金荣,药学,中国大学mooc,直接搜索中国药科大学有机化学,药学,大家一定要看芦老师的有机化学好嘛，真的讲的太好了，我预习复习都看芦老师的视频,2021年2月9日
曹阳trainee,有机化学,李艳梅,化学,学堂在线,https://www.xuetangx.com/course/THU07031000429/5883025?channel=search_result,应用化学,综合观看后B站李艳梅yyds,2021年2月9日
安隽,英语语音知识,田朝霞,英语,官方,http://sope.ruc.edu.cn/displaynews.php?id=927,英语,结合中国学生语音学习过程中出现的问题进行教学,2021年1月16日
,英语语音,叶航,英语,中国大学mooc,,会计,,
halaspud,英语听力、口语、日常表达,Coachshane,英语,B站官方账号,BV1U7411a7xG,英语,语速适中，句子经典，分析清楚详细，还有就是老师很有趣,2021年1月18日
无人深空,影视基本理论,陈旭光,导演系,B站官方账号,BV1eW411Z7Sn,导演系,文学艺术修养以及世界电影历史发展历程,2021年2月10日
无人深空,影视基本理论,钟大丰,导演系,B站官方up,BV1b4411w74v,导演系,考研、框架整理线索、快速理清知识点,2021年2月10日
东方月圆,音乐教程,b站三分钟音乐社,音乐,B站up主官方号,https://b23.tv/ZRwzB7,音乐,从零开始学音乐,2021年1月19日
衡沐LM,艺术史,朱青生,历史,爱课程,http://www.icourses.cn/web/sword/portal/videoDetail?,城乡规划,以“中国的眼光，现代的立场”来具体陈述如何建造一条民族之间增进了解、各文明之间互相理解、互相尊重的道路，解释中国如何做一个世界艺术史的研究和解说。,2021年1月18日
化学点心,仪器分析,杨屹 、杜振霞等,分析化学,爱课程（国家精品课）,http://www.icourses.cn/sCourse/course_6064.html,化学,老师能联系实际，联系实际，知识点很详细，重点突出，可用于考研,2021年2月10日
青山不老asdf,耶鲁大学人性的哲学与科学,B站up农夫cc,,,,,,2021年8月24日
无,药理学,课程组老师,药学,爱课程,http://www.icourses.cn/sCourse/course_6450.html,药学,药理学这个绝对够,2021年1月17日
努力腌自己的盐巴罐子,学前儿童观察与评价/幼儿园课程,梁慧娟,学前儿童观察与评价/幼儿园课程,暂时没找到（这一条我就是想来跟大家梳理一下学前教育的学科知识框架）,首先，是教育学基础、心理学基础、中外教育史、师德、生理学、教育统计学、spss、教育科学研究方法、解剖学......这些基础学科,学前教育专业,然后是学前教育学，学前心理学，学前卫生学，学前儿童健康、科学、社会、数学、语言（这些都是并列的）教育，学前儿童观察评价，幼儿园游戏，幼儿园课程，中外学前教育史......这些核心支柱科目,2021年1月28日
努力腌自己的盐巴罐子,学前儿童观察与评价,视频（用于观察评价）,学前教育,腾讯视频,https://v.qq.com/detail/0/04wf1o2h8grzp70.html,学前教育专业,上课我们好多老师都提到过，还有老师在课上给我们时间观察过，系主任教的学前儿童观察与评价，自己课下找了这个视频看了看。确实能让你体会到幼儿园教师作为观察者评价者的作用，适合反复观看。,2021年1月28日
_碳十二_,刑事诉讼法,蔡元培,法学,中国大学MOOC,https://www.icourse163.org/course/cupl-1462063165,侦查学,,2021年1月15日
巫术的分类,幸福课（积极心理学）,TalBen Shahar,心理学,网易公开课,,哲学/宗教学,幸福圣经,2021年2月9日
弦鱼,信息与系统(Signal & Systems),Alan V. Oppenheim,信息系统,网易公开课,https://open.163.com/newview/movie/free?pid=M8AROL7GG&mid=M8AROOU9F,电子工程,信号分析入门,2021年1月17日
无缝苍蝇不叮蛋,信息素养：效率提升与终身学习的新引擎,周建芳,图书馆学,中国大学mooc,,生物技术,系统教授如何查找自己需要资源的一门课程，超级无敌实用！,2021年1月28日
joe,信息论与编码理论,雷菁,电子信息类,爱课程,http://www.icourses.cn/sCourse/course_3257.html,电子信息,听了一遍，期末轻松95+,2021年1月18日
弦鱼,信息论(Principles of Digital Communications I),Robert Gallager,信息系统,OCW,https://ocw.mit.edu/courses/electrical-engineering-and-computer-science/6-450-principles-of-digital-communications-i-fall-2006/index.htm,电子工程,生肉预警(可能需要翻墙),2021年1月17日
小斯,新媒体文化十二讲,刘涛,传播学,中国大学mooc,,会计跨考新传,,2021年6月13日
罗小格,信号与系统/数字信号处理,讲信号与系统的潘老师,信号与系统/数字信号处理,B站up主本人,https://www.bilibili.com/video/BV127411M7BU,电子信息工程,要点清晰简明，注重实践，以实际做题为核心，适合有一定基础的同学考前复习,2021年2月9日
连胜酱,信号与系统（西安电子科技大学的系列）,郭宝龙,电子信息,b站官号,https://www.bilibili.com/medialist/detail/ml1260506903?type=1&spm_id_from=333.999.0.0,通信工程,专业基础课可看,2021年7月30日
何志武,信号与系统,孟桥,电子信息类,MOOC,https://www.icourse163.org/course/SEU-204001?tid=1206023212,通信工程,讲明白每个知识点的前因后果，帮助理解各个变化之间的关系,2021年1月18日
Robert_W,信号与系统,郭宝龙,电子信号工程,中国大学MOOC,http://www.icourse163.org/course/XJTU-1206497813,电子信号工程,适合本科与考研学习,2021年2月8日
辣鸡呆马,信号与系统,郭宝龙,通信,中国大学MOOC,,物联网工程,醍醐灌顶，老师特别有趣,2021年2月9日
HongHu,新概念模拟电路,杨建国,电类,B站官方up,https://www.bilibili.com/video/BV1hC4y1H7e8?from=search&seid=16188086907867821128,电子信息类专业,老师讲的很前沿,2021年2月9日
NiKi,新标准日本语,叶子老师,日语,B站官方账号,https://www.bilibili.com/video/BV1es41127PE,新标准日本语（B站）,此视频共为43节课程，每节约为1.5h，适合入门及自学者学习。（学习之前建议先学习五十音图）,2021年2月9日
NiKi,新标准日本语,偏头鱼喵,日语,B站自制,https://www.bilibili.com/video/BV1uJ411p7pR,新标准日本语（2）,精讲日本语,2021年2月9日
kkkllkkkk,写实油画技巧,,写实油画,b站up,BV1iQ4y1P7uu,艺术学,解读大卫 莱弗尔厚实亮部的笔触技巧,2021年2月10日
达达joex,线性代数与空间解析几何（一）,黄廷祝,高等数学,b站,https://www.bilibili.com/video/BV13E411k7SU,管理学,,2021年3月8日
达达joex,线性代数与空间解析几何（二）,黄廷祝,高等数学,b站,https://www.bilibili.com/video/BV1F741187jz,管理学,,2021年3月8日
锂电池djsh。,线性代数与空间解析几何,郑宝东,电子信息,爱课程,http://www.icourses.cn/web/sword/portal/shareDetails?cId=2924#/course/chapter,电子信息,细致入微，较好理解，哈工大宝藏老师和线代教材编写者,2021年1月17日
DonDead,线性代数惊叹号系列,宋浩,线性代数,B站官方账号,,信息管理与信息系统,,2021年1月17日
eth.er░,线性代数的本质,,线性代数,b站官方账号,https://space.bilibili.com/88461692,自动化,用动画演示辅助理解线性代数的内容,2021年1月16日
东云,线性代数,Gilbert Strang,线性代数,网易公开课,https://open.163.com/newview/movie/free?pid=NESCFTN3V&mid=TESCFTN4M,英语翻译,从向量而不是行列式开始，课程体系比国内的好理解得多,2021年1月16日
锂电池djsh。,线性代数,Gilbert Strang,电子信息,网易公开课,http://open.163.com/special/opencourse/daishu.html,电子信息,讲解细致，通俗易懂,2021年1月17日
Summit酱,线性代数,宋浩,线性代数,B站官方账号,BV1aW411Q7x1,计算机科学与技术,学校老师的听不懂，但宋浩的能听懂,2021年1月17日
yesi,线性代数,由课程组老师合作完成,数学,中国大学mooc,https://www.icourse163.org/course/SDU-55001,电子科学与技术,老师讲解清晰易懂,2021年1月17日
小兔巴,线性代数,Gilbert Strang,数学,网易公开课,http://open.163.com/special/opencourse/daishu.html,数学,概念清晰，理论和应用方面都有涵盖。尤其对线性空间的解释非常有助于理解。MIT官网有作业集，帮助巩固知识。2020年出了新版，视频质量也有保证,2021年2月5日
麦克思维,线性代数,Gilbert Strang,数学,网易公开课,http://open.163.com/special/opencourse/daishu.html,非数学,虽然是英文但教授讲的很清楚，推荐假期自学，考前临时抱佛脚的避雷,2021年2月8日
夏和半山,线性代数,3Blue1Brown,线性代数,B站官方账号,https://www.bilibili.com/video/BV1ys411472E,自动化,通过模型具象化的讲解线性代数的作用,2021年2月8日
世界现存最可爱人类,线性代数,宋浩,理学,B站官方账号,https://www.bilibili.com/video/BV1aW411Q7x1,数据科学与大数据技术,,2021年2月8日
辣鸡呆马,线性代数,Gilbert Strang,高数,网易公开课,http://open.163.com/special/opencourse/daishu.html,物联网工程,循序渐进，适合有一点基础的同学再学习,2021年2月9日
Pluto11122,线性代数,宋浩,线性代数,B站官方账号,,电子信息工程,,2021年2月10日
Ahvjna,线性代数,宋浩,数学,B站官方账号,,经济管理,作为考研数学重点内容，宋浩老师以诙谐幽默，生动有趣的上课方式讲解相应线代知识点,2021年2月11日
lihling7,线性代数,W. Gibert Strang,线性代数,网易公开课,https://open.163.com/newview/movie/free?pid=EEV6KVEDA&mid=XEV6KVEP3,大气科学,线性代数课程，授课语言英语，有字幕，讲出了线性代数本质而不是为了应试,2021年2月27日
将神子,现代诗歌,未知,英美文学,网易公开课,https://open.163.com/newview/movie/free?pid=M6GJ5FINB&mid=M6GJ5T9D7,英语翻译,适合对英美文学专业的学生课外拓展用，或者对美国文学尤其是美国现代派诗歌的感兴趣的小伙伴,2021年2月10日
夏和半山,现代控制理论,Dr.CAN,现代控制理论,B站官方账号,https://www.bilibili.com/video/BV1yx411u7iX,自动化,由浅入深，层层铺垫,2021年2月8日
我有病还没治,现代德语文学,刘永平,德语语言文学,Mooc,,德语,国内少有的德语语言文学简析，对考研的同学以及对德语文学感兴趣的同学完全可以看一下，还邀请了其他的专家老师进行讲解,2021年1月27日
临床医学僧,系统解剖学,霍琨,人体解剖,辽宁资源共享,http://sharecourse.upln.cn/pdt/sharecourse/index.html,临床医学,全程手绘，跟着这位老师一起画一遍下来，知识很快就能记住了,2021年1月16日
-老局-,系统解剖学,霍琨,临床医学,辽宁资源共享,http://sharecourse.upln.cn/pdt/sharecourse/index.html,临床医学,手绘板书，语速适中，讲解透彻。适合于自学。,2021年1月17日
i天上人,系统解剖学,霍琨,临床医学,辽宁资源共享,http://sharecourse.upln.cn/pdt/sharecourse/index.html,临床医学,老师画图很好，非常简洁明了，讲课重点突出。,2021年2月9日
云慢慢,西方文论,杨宁老师,汉语言文学,官方B站号,搜up主：西竹书院 杨宁老师,汉语言文学,思路清晰，语言明白易懂,2021年1月19日
颐真小仙女,西方美术欣赏,孙乃树,美术学,B站,https://space.bilibili.com/1348664019?from=search&seid=3096628739782788585&spm_id_from=333.337.0.0,艺术学,老师讲课很有个人魅力,2021年12月6日
负电,西方经济学（微观+宏观）,小融老师,经济学,b站官方账号,BV1Kt411W7ja,经济学,很专业，讲课没有废话，很划重点,2021年2月10日
寻道,细胞生物学,山中伸弥,细胞生物学,b站（外国慕课）,BV1eE411g7iu,水产养殖,诱导干细胞，诺贝尔大佬，很有干货,
鹪鹩巢林,物理化学,王新平等,应用化学,MOOC,一：https://www.icourse163.org/course/DUT-1001734002；二：https://www.icourse163.org/learn/DUT-1001734003?tid=1450244469#/learn/announce,化学工程,化学化工类科目，天大、吉大和大连理工都不错，基本教材三分天下（邢其毅有机化学北大独树一帜除外）；大连理工的物理化学推导严密，注重教学演绎逻辑，实操性强，与工程紧密结合,2021年1月26日
🧐,无机及分析化学,王运等等等,化学,中国大学mooc,搜索第一个就是,食品质量与安全,王运老师教的还不错，其他的老师也还行，配合教材使用效果更佳哟！,2021年1月18日
吓死神秘人,无机化学 高等数学,宋天佑 宋浩,无机化学 高数,b站官方账号,,应用化学,都是跟着他们自学的,2021年1月16日
Spark099,无机材料科学基础,宋晓岚,无机非金属材料,中国大学MOOC,https://www.icourse163.org/course/CSU-1455417172,无机非金属材料工程,中南大学无机非金属材料工程专业与武科并列全国第一，但在本课程上中南更甚一筹，本课程是材料类相关专业的主干课程和核心学科基础课程，本课程有对应教材可供参考，为宋晓岚著《无机材料科学基础》，化学工业出版社出版,2021年2月10日
ZCild,文学文本解读+文学理论+文学批评),,文艺学,爱课程（国家精品课）,http://www.icourses.cn/sCourse/course_6947.html,汉语言文学,,2021年2月9日
云慢慢,文学理论入门,杨宁老师,汉语言文学,官方B站号,搜up主：西竹书院 杨宁老师,汉语言文学,思路清晰，语言明白易懂,2021年1月19日
ZCild,文学理论,孙文宪,文学理论,爱课程,http://www.icourses.cn/sCourse/course_6947.html,汉语言文学,教材：《文学理论导引》，王先霈、孙文宪著，高等教育出版社 
说明：原课程只录制了第一到五章，第六章“文学活动”只有PPT没有课程录像,2021年2月9日
Tian.H,文献管理与信息分析,罗昭锋,文献管理与信息分析,中国大学MOOC,,工程力学,建议即将步入研究生的同学利用暑假学习。,2021年2月10日
Jason Wan,文献管理与信息分析,罗昭锋,研究生基础课程,中国大学MOOC；学堂在线：,https://www.xuetangx.com/course/USTC12051000588/5882660?channel=search_result
https://www.xuetangx.com/course/USTC12051000588/5882660?channel=search_result,临床检验诊断学,国家精品课程，每期都有一两万人报名；适合小白入门；实操还是得自己练才可以体会到；写论文的高效方法论，科研进阶的宝器；耗时较长，收获很多；Endnote的使用、NoteExpress的使用、数据库的使用、科研思维的锻炼,2021年2月10日
清贵疏离天上仙,微机原理与接口技术,吴宁,机械/计算机,中国大学慕课,https://www.icourse163.org/course/XJTU-1001647001,机械工程,最好配合吴宁老师编写的书和实验指导书（有课后答案），认真学完可以不用去学校上这门课,2021年1月24日
达达joex,微积分（一）,冷劲松,数学,b站,https://www.bilibili.com/video/BV1KE411r7uq,管理学,电子科技大学的课，值得学习，很完整了,2021年3月8日
达达joex,微积分（三）,冷劲松,数学,b站,https://www.bilibili.com/video/BV1Sz411b7Lr,管理学,,2021年3月8日
达达joex,微积分（二）,冷劲松,数学,b站,https://www.bilibili.com/video/BV1HJ411x7z9,管理学,,2021年3月8日
落紗瑛华,微积分,宋浩,数学,B站官方账号,BV1UW411k7Jv,种子科学与工程,期末备课看的，挺好,2021年1月17日
折木,微积分,苏德矿,高等数学,中国大学MOOC,https://www.icourse163.org/course/ZJU-1003315004,环境工程,全程脱稿，不用ppt，扎扎实实的把所有微积分概念理论讲明白，对数学思维的培养是极好的,2021年1月17日
麦克思维,微积分,苏德矿,数学,中国大学MOOC,https://www.icourse163.org/course/ZJU-1003315004,非数学,比宋浩的难一点，感觉更适合想提高的同学,2021年2月8日
L,微积分,苏德矿,高等数学,中国大学MOOC,https://www.icourse163.org/course/ZJU-1003315004,通信工程,矿爷的课，无需赘言。,2021年2月8日
L回L,微观经济学,KHAN,,网易公开课,http://open.163.com/newview/movie/free?pid=M8LHSGLJP&mid=M8LI5BDCP,国际经济与贸易,一边学专业知识还可以一边学英语。,2021年1月17日
白日梦,微观经济学,吴开超,微观经济学,中国大学MOOC,MOOC直接搜索即可,金融,超级好的老师，认真负责，举例简单清晰，很有逻辑，很有意思,2021年2月8日
啊啊,网络与市场中的计算思维,李晓明 邱泽奇,量化社科,中国大学mooc,,社会学（心理学双学位）,对量化社科有简单介绍 话题很有意思 李老师跟邱老师也对相关领域研究很深入 线下上课有配套的python手把手教学 线上试题部分也很灵活,2021年1月17日
jn,网络安全工程师,千峰教育,网络安全,b站up,https://www.bilibili.com/video/BV1i7411G7vm?from=search&seid=16887072600946639121,网络安全,基础详细，老师挺有趣的，很好的网络安全入门视频，,2021年2月9日
魂帝HD,Visual Studio2019入门教程,Frank,C语言IDE,b站官方账号,https://www.bilibili.com/video/BV1Xt411g7jT,汽车服务工程,前微软大佬，讲解通俗易懂，很快就能学会Visual Stdio2019的使用,2021年1月27日
lb8023lyyForever,Unix/Linux 作業系統實務,李博明,電子系,YouTube公开课,https://www.youtube.com/watch?v=NoGcnqDriHg&list=PLdrYbn8q6soPZ8jcKZ9uZCC5LEfhhFMW9,计算机,,2021年3月1日
依晓凡,unity游戏特效shader forge,,游戏特效,B站up,https://space.bilibili.com/20508311/channel/detail?cid=15815,游戏美术（特效）,节点文档说明https://acegikmo.com/shaderforge/nodes/,2021年2月9日
依晓凡,unity游戏特效入门,,游戏特效,腾讯课堂（免费）,https://ke.qq.com/course/232556?taid=1532929662749804,游戏美术（特效）,适合小白新手 unity基础 特效入门基础知识  讲解unity引擎 粒子系统 3Dmax基础操作 PS绘制等等,2021年2月9日
灰白色琴键,UI/UX设计相关教程,水球泡,UI/UX设计,B站官方账号,搜UP：像素范
https://space.bilibili.com/15741969?from=search&seid=18104595535930424693,国际经济与贸易,关于UI设计涉及的各方面知识老师都有讲到，很详细
动效、用户交互,2021年1月20日
百分百灰度,UI设计基础,B站零基础学UI设计,UI设计,B站up主,https://www.bilibili.com/video/BV11J411T7Fn?p=37&spm_id_from=pageDriver,艺术设计,简单好学，内容充实，种类全,2021年4月2日
东方月圆,UE4教程,b站堪嘉诚,UE4,B站up主官方号,https://b23.tv/x538JX,动漫,UE4教程 干货颇多,2021年1月19日
留云龙云,土木工程测量,张宏斌、胡伍生、高成发、翁永玲、王磊,土木工程,b站,https://www.bilibili.com/video/BV1Tf4y1s7V3,土木工程测量,,2021年5月20日
Corrain,通信原理,杨鸿文,通信工程,MOOC,https://icc.hep.com.cn/getSystemDepartmentPortal.action 搜索北京邮电大学,电子科学与技术,很喜欢杨老师的声音和讲课的节奏，当时学通信原理的时候，杨老师讲的思路很清晰，能够较容易的理解整本书的学习框架以及每部分的内容，总之很推荐的够了。,2021年1月24日
白煠蝶,TBH基础功能讲解,叫我卡通先生,动画,B站官方账号,https://www.bilibili.com/video/BV1U7411q7Fr?from=search&seid=2644108999419397083,影视动画,老师讲解地还可以，边看边学边摸索，我现在就靠着TBH做毕设，测试的工程文件的效果确实不错,2021年1月17日
Tian.H,弹性力学,王钦亭,弹性力学,中国大学MOOC,,工程力学,结合高等数学讲解弹性力学的微元体平衡方程的建立！适合初学弹性力学。,2021年2月10日
东方月圆,探访了很多艺术家,b站up主几册艺术,绘画,B站up主官方号,直接搜,动漫,和名字一样 里面很多和艺术相关的  也有绘画的教程,2021年1月19日
Doubllllllz,算法竞赛入门经典(第二版),算法竞赛_陈锋,算法竞赛,B站up主,https://space.bilibili.com/208090093/channel/detail?cid=129796,软件工程,无数人的第一本算法竞赛入门书籍的作者主讲哦,2021年2月9日
罗小格,stm32单片机,洋桃电子,单片机,B站up主,,电子信息工程,作为一个单片机工作室，这是其开发板的配套教程。十分详细且层次分明，废话少，适合初学者,2021年2月9日
羽过天晴啦啦啦,STC15单片机,,单片机,B站,https://m.bilibili.com/video/BV1WC4y1t7Ay,自动化,特别适合单片机入门,2021年2月9日
飒飒飒,数字信号处理,李雅梅,测控技术与仪器,学堂在线,https://www.xuetangx.com/course/lntu08071001291/4230577,测控技术与仪器,课程讲解清晰 条理分明 有独到见解 适合测控专业的学生入门学习,2021年2月8日
suda,数字电子技术基础（讲的非常细致清楚，适合初学者，0基础）,齐明,电控,中国大学mooc,https://www.icourse163.org/course/HIT-254001,机械电子工程,,2021年2月9日
如水行年,数字电路与逻辑设计,任爱锋,数电,超星,http://ssvideo.superlib.com/cxvideo/play/page;jsessionid=0E1A6CEBFCEE2A806C2E9C232E85516F.cxvideo_web_18.30?sid=5913&vid=89557&cid=222&d=c0f868dd2b521a825f3a54d37d48072a,信息工程,老师讲课条理清晰且易懂，内容详实,2021年2月1日
WY永远的神,数字电路与逻辑设计,任爱锋,数字电路与逻辑设计,超星名师,http://ssvideo.superlib.com/cxvideo/play/page;jsessionid=0E1A6CEBFCEE2A806C2E9C232E85516F.cxvideo_web_18.30?sid=5913&vid=89557&cid=222&d=c0f868dd2b521a825f3a54d37d48072a,计算机,非常详细，由浅入深，一定要看几节再评价,2021年2月9日
baozi921,数学物理方法,周国权,物理学,爱课程,http://www.icourses.cn/sCourse/course_3450.html,物理学,讲的很全面，但是课时超级多，适合筛选章节来听,2021年1月29日
麦克思维,数学分析B,程艺,数学,b站官方账号,BV1Lv411r7wa,少年班,适合所有理工科同学，可以和数学专业的数学分析无缝衔接,2021年2月8日
奶油杏菜,树木学,多位老师,园林,中国大学MOOC,https://www.icourse163.org/course/BFU-1003762014?tid=1206887234,园林,根据科属分类进行讲解，生动形象，比自己背有用多了,2021年1月18日
世界现存最可爱人类,数据挖掘：理论与算法（国家级精品课）,袁博,数据科学,学堂在线,https://www.bilibili.com/video/BV154411Q7mG?p=1,数据科学与大数据技术,,2021年2月8日
星海的游吟诗人,数据库系统,战德臣,计算机科学与技术,中国大学MOOC,https://www.icourse163.org/course/HIT-1001516002,,根据相关国外教材讲解，内容优质全面。哈工大的计算机科学课程有保障,2021年1月17日
樊老师的刘同学,数据结构与算法基础,王卓,计算机科学与技术,B站up主本人,BV1Ts411c7ZX,计算机科学与技术,老师讲的数据结构很细致，非常适合刚入门的对C语言还不是特别熟悉的同学,2021年2月9日
Stack_Overflow-,数据结构与算法基础,王卓,计算机,B站（已获得老师授权）,BV1nJ411V7bd,计算机,讲的细致入微，条理清晰。,2021年2月9日
坐忘心斋澄明镜,书法审美与实践,方建勋,书法,b站官方账号,https://b23.tv/4YxmwV,书法,了解书法基础,2021年1月18日
骨叽骨叽,视觉传达设计思维与方法,陈楠,美术设计系,学堂在线,https://www.xuetangx.com/course/THU13051000381/4230642,美术系,在设计领域非常有水平的课程，里面主要讲解了陈楠教授自己的艺术审美体系，并且有很多具有发散性思考的陈楠教授自己参与的项目（包括08奥运会的主美设计等）和学生作业思考。陈楠老师本人的艺术思想也非常开放和超前，这在美术系的大学公开课中是很难能可贵的。,2021年2月10日
小小哇哇,诗经导读,李山老师,汉语言文学,超星,https://mooc1.chaoxing.com/course/203386383.html,汉语言文学,李老师做学术严谨执着，讲课严肃中有幽默犀利,2021年1月19日
小小哇哇,史记人物形象,过常宝老师,汉语言文学,爱课程,http://www.icourses.cn/web/sword/portal/videoDetail?courseId=ff80808141db790e0141dea0673d01aa#/?resId=ff80808141db790e0141dea1739801ac,汉语言文学,听完豁然开朗,2021年1月19日
榊噬,十次经济危机及其应对政策的国际比较专题讲座,温铁军,经济学,B站,BV1xe411W7yi,,温老的视频看了就知道，无需多言,2021年1月18日
乌漆麻黑,实变函数,b站up主ModuliSpace,数学与应用数学,b站官方账号,搜实变函数出来第一个的,数学与应用数学,up主自制的，讲的不全面但是重点要点都讲了，跟细致很清晰很透彻！真的醍醐灌顶！对于更深理解之前学的数学分析之类的也很有用！,2021年1月18日
无缝苍蝇不叮蛋,生物学概念与途径,饶毅等,生物学,中国大学mooc,,生物技术,本人认为是中国生物类最好的通识课程，中国最顶级的一批科学家授课，不论是对于生物专业还是非生物专业，都值得一看,2021年1月28日
-XXAY-,生物信息学,,生信,中国大学MOOC,https://www.icourse163.org/course/SDU-1001907001?tid=1450236461,生信,通俗易懂 十分易懂,2021年1月17日
天気,生物化学原理,不知道老师的名字,生物科学,courses.edx,https://courses.edx.org/courses/course-v1:harvardx+MCB63x+2T2018/course/,生物技术,英文课程比较困难，但讲得很清晰,2021年1月18日
小糊涂的大梦想,生物化学与分子生物学,华中科技大学孙军,化学,b站,BV1fJ411U72Z,化学,,2021年2月15日
小问号有很多问号,生物化学,阿男老师,生物化学,b站官方账号,,园艺,老师是某医学院的，课程是分模块来讲的，适合期末复习用,2021年1月19日
interesting,生理学,罗自强，管茶香,生理学,爱课程,http://www.icourses.cn/sCourse/course_6701.html,临床医学,,2021年1月18日
枝丫儿,神韵诗研究,王小舒,古代文学,MOOC,直接搜,汉语言文学,审美享受，中国式的文论理解,2021年2月9日
东方月圆,设计,b站up主oooooohmygosh,设计,B站up主官方号,https://b23.tv/2hP2v3,设计,硬盒且有趣,2021年1月19日
王富贵,社会调查研究方法,邱泽奇,社会学,中国大学MOOC,,社会学,蛮适合入门的同学，侧重于对概念的理解和解读，适用于社会调查研究,2021年2月9日
ξ,社会认知心理学,John F. Kihlstrom,心理学,网易公开课,https://open.163.com/newview/movie/free?pid=M6GL9GG5E&mid=M6GL9N5PG,心理学,对于社会认知心理学的初步了解，学习人与人之间的交互关系，以及人是如何认识自己和周遭世界的,2021年2月9日
风-城-烟-雨,尚学堂java就业班全套视频,**,计算机编程语言,B站up主,,Java全栈,这个课程很全面，适合选完java基础的同学（注解反射、IO框架）之后的同学进行学习，里面有MySQL数据库、spring、等一些架构，建议学完。,2021年2月10日
SW斯凯沃克,色彩密码,黄茜,建筑学,中国大学MOOC,https://www.icourse163.org/course/HNU-1460821161,建筑学,生动有趣的色彩学课程，迅速帮助色彩小白建立起色彩认知的知识体系。,2021年2月10日
枝丫儿,塞万提斯的堂吉诃德,,外国文学,网易公开课,直接搜,汉语言文学,对西方文学传统有一个宏观掌握，不仅谈及一本书,2021年2月9日
东方月圆,软件教程,b站up主oeasy,各种软件教程,B站up主官方号,直接搜,动漫,他给的实在是太多了,2021年1月19日
地理人,认知神经科学,杨孛梵,心理学,中国大学MOOC http://www.icourse163.org/course/NTHU-451014,直接百度搜认知神经科学网课，不要在mooc搜，不然看不到，我也不知道为啥,心理学,讲述了很多神经生理机制,2021年1月18日
酸菜鱼爱看咸蛋黄,人体解剖学,霍琨,人体解剖学,辽宁资源共享,http://sharecourse.upln.cn/pdt/sharecourse/index.html,医学检验技术,霍琨yyds 考试月全靠他 个人觉得人解系解都可以去看（局解不太清楚）手画图讲解同步有助于理解 尤其是细节 另 这个网站的课都还不错,2021年2月8日
须臾,React基础教程,技术胖,计算机,B站up本人,https://www.bilibili.com/video/BV1nx411s7Cy,计算机,适合react初学(不太依赖于VUE基础），老师博客有代码和笔记，看得很爽，建议控制在三天学完，但一定要结合文档，否则应用起来会有困难。,2021年2月9日
十五的月亮十六袁,热学,物理系的允文君,热学,b站up主,https://www.bilibili.com/video/BV1Cx41127Zx,大学物理,分享的网址只有绪论，其他优质课程在他个人主页里找,2021年2月9日
MOUSEAT,热力学与统计物流,金晓峰,物理,爱课程,http://www.icourses.cn/sCourse/course_5922.html,化学,会穿插很多热力学的原始文献,2021年2月9日
Doubllllllz,rainboylvx个人空间,rainboylvx,算法竞赛,B站UP主,https://space.bilibili.com/256409/video,软件工程,相比陈锋更为基础的算法解析（通俗易懂，配合陈锋的算法竞赛食用更佳）（up写的Rbook非常值得一看）,2021年2月9日
丽日枫凪,QT入门,,QT/C++程序设计,B站官方账号,https://www.bilibili.com/video/BV1g4411H78N,软件工程,讲的很清楚，而且是对着帮助文档教的，想必大家初次接触这种东西很难会利用帮助文档吧，这份教程也可以用来学习使用帮助文档,2021年2月8日
lb8023lyyForever,嵌入式 Linux 作業系統,李博明,電子系,YouTube公开课,https://www.youtube.com/watch?v=pn7Akg4C2Nk&list=PLdrYbn8q6soONlL-aEc9b8bKeAtgK0VmB,计算机,,2021年3月1日
δ,pytorch深度学习实践,刘洪普,计算机,B站官方账号,https://www.bilibili.com/video/av97078147,资源勘查,反正就是以前没看懂, 这次看懂了,2021年2月9日
晨曦,python全套视频教程（700集）,千峰教育python学院,python,b站官方账号,https://www.bilibili.com/video/BV1R7411F7JV,计算机,老师教学非常详细，很多东西是在大学课堂学不到的，值得一看,2021年2月9日
负电,python爬虫实战,python小强,python爬虫实战,B站up主,https://space.bilibili.com/1162704059,经济学,不讲废话的老师，讲的很好也很容易理解，,2021年2月10日
洛华-黑域,python基础,杨淑娟,计算机,b站授权发布,https://www.bilibili.com/video/BV1wD4y1o7AS?p=146,,将python的只是抽丝剥茧般的讲解，课程有趣。比较生动。适合小白学习。,2021年2月8日
smastars,Python从入门到入土,Python_子木,Python编程,B站授权发布,https://www.bilibili.com/video/BV1wD4y1o7AS,软件工程,简单易懂 且有趣 生动形象 qwq,2021年2月9日
於玥笙,普物,允文君,物理,b站官方账号,https://www.bilibili.com/video/BV1Cs41187se,机械电子工程,他基础很扎实，讲的很细，适合学习大学物理和对物理领域感兴趣的共同学习,2021年2月3日
小小哇哇,普通心理学,寇彧,心理学,北京师范大学官网,http://jpkc.bnude.cn/ptxlxx/resource.html,汉语言文学,北师大心理学不容错过的课程之一,2021年1月19日
周美眉呀,普通心理学,陈宝国,心理学,
北师大官网,http://jpkc.bnude.cn/ptxlxx/index.html,特殊教育专业,老师讲课十分风趣幽默，一看就停不下来。知识点讲的很详细，所以分集的p特别多，看的话一定要坚持哦！,
2021.1.30
chenyinheng30,普通物理,杨振宁,物理,b站,BV1Fx411T7sV,物理,,2021年2月11日
_Super_nova_,普通天文学,李向东,天文学,中国大学MOOC：,https://www.icourse163.org/learn/NJU-1001752349?tid=1450456448#/learn/announce,天文学,入门的天文学课程，具备高中物理知识就可以，很适合入门,2021年2月10日
烟雨休,PS入门基础教程,doyoudo,平面设计,B站up主官方,BV1Xs411q7DW,视觉传达设计,强烈推荐，听过最好的PS基础教程，小白老师人美声甜，讲得条理清晰，简单易懂，千万播放,2021年2月8日
东方月圆,PS教程,b站李涛PS,ps教程,B站up主官方号,直接搜,动漫,李涛老师 永远的神  photoshop中国第一人,2021年1月19日
东方月圆,pr教程,b站up源源捣,pr教程,B站up主官方号,https://b23.tv/QsdXz7,pr教程,教程,2021年1月19日
东方月圆,拍摄教程,b站up毛帽-,拍摄,B站up主官方号,https://b23.tv/VZGd4u,拍摄,拍摄教程 还有生活VLOg,2021年1月19日
罗小格,OpenCv库的使用,,图像识别,B站（外国课程）,https://www.bilibili.com/video/BV16K411W7x9?p=1&share_medium=android&share_plat=android&share_source=QQ&share_tag=s_i&timestamp=1612838756&unique_k=0ZBpi0,电子信息工程,3小时简单介绍OpenCv，在github配有例程，适合有一定编程语言基础的同学,2021年2月9日
234523028,女性学：女性精神在现代社会中的挑战,吴敏,哲学类,B站/中国大学MOOC,https://www.icourse163.org/course/SCU-21017,汉语言文学,适合对女性主义有兴趣的，建构新的男女平衡,2021年1月19日
多啦噩梦S,你正需要的写作课,IceFiction,编剧/文学系,B站up,https://space.bilibili.com/674570492/,戏剧影视文学,剧本写作时的一些知识点总结，简短、总结性极强、对无论是在校学习的学生还是已经入行的专业编剧都适合看一看,2021年2月10日
自渡iu,内科学,,中医学,爱课程app,,中医学,适合北方同学们观看，口音亲切讲的也很详细,2021年2月8日
嘉沐晨,南开大学-政治经济学（国家级精品课）,张俊山,马克思主义政治经济学,中国大学MOOC,http://www.icourses.cn/sCourse/course_3699.html,国际经济与贸易,老师讲解的很详细，而且举的例子很清晰，通俗易懂。配套的是是马工程版本的教材,2021年1月19日
ZCild,N2语法,日语之森林,日语,B站官方账号,https://www.bilibili.com/video/BV1Us411v7xa,汉语言文学,老师超级超级超级可爱，而且双语教学,2021年2月9日
罗小格,MSP432的使用,物联世界,单片机,B站up主,,电子信息工程,详细地对MSP432进行了基于TI公司在CCS内置的例程进行讲解，十分适合参加电赛的同学学习,2021年2月9日
I沈逸老师I,模拟电子技术基础,郑益慧,电子信息工程,B站,BV1Gt411b7Zq,电子信息工程,上海交大的郑益慧老师所讲，讲课通俗易懂，也十分精炼，配套模拟电子技术基础第四版课本进行使用，适合自学以及考研的同学看。请记得：按时完成老师布置的课下作业，会受益颇深哦~,2021年2月9日
Spark100,名侦探柯南与化学探秘,徐海等,化学,B站up主,https://www.bilibili.com/video/BV1tE41127J4?from=search&seid=959413335119292996,无机非金属材料工程,中南大学最热门的公选课，懂的都懂，课程通过引入《名侦探柯南》中的相应动画片段来引入化学有关知识点而开展课程教学,2021年2月10日
Snowlen,名画百幅赏析,杨琪,美术,中国大学MOOC,https://www.icourse163.org/course/HEPSVE-361006?tid=1450366513,光电信息,老师十分擅长引导思考，构建自己的审美认知，适合这方面审美的入门,2021年2月1日
槐序,民法,张翔,法学,法考机构公开课,,法学,厚大法考受欢迎老师，知识逻辑清晰，老师可爱,2021年1月16日
繁星点点,民法,钟秀勇老师,法学,法考机构公开课,直接搜，有视频合集,大一法学萌新,每一专题都能通过案例讲解，容易理解，上课听不懂就听这个老师的,2021年1月19日
化肥,每日英语听写 Daily English Dictation 1-400,Coach Shane,英语,B站官方账号,https://www.bilibili.com/video/BV1U7411a7xG?t=52&p=15,英语,听力量不多，贵在坚持.,2021年2月8日
将神子,美国现代主义文学选读,宋惠慈,英美文学,网易公开课,https://open.163.com/newview/movie/free?pid=JESFE71AN&mid=PESFE71BA,英语翻译,适合对英美文学专业的学生课外拓展用，或者对美国文学的感兴趣的小伙伴,2021年2月10日
Doubllllllz,路径规划与轨迹跟踪系列算法学习,小黎的Ally,智能汽车路径规划,B站up主,https://www.bilibili.com/video/BV19T4y1M7uR,软件工程,TIPS：不适合零基础的智能算法学习（B站为数不多讲人工势场法的老师）(已更新至B样条曲线）,2021年2月9日
月光宝盒101,路基工程,方左英、方福森,道路与铁路工程,b站,https://www.bilibili.com/video/BV1dV411J7Vd,路基工程,,2021年6月8日
东方月圆,logo设计,b站up主斗墨品牌,logo设计,B站up主官方号,直接搜,logo设计,感觉up主的设计 感觉眼目一新 有种天赋感,2021年1月19日
羊驼Abigail,流体力学,房佳蓓等,流体力学,中国大学慕课,,大气科学,老师娓娓道来，十分简洁明了地讲解了流体力学的重要概念和计算，是很好的流体力学入门课程，特别适合学气象的同学们,2021年2月8日
青山不老asdf,流体力学,赵汉中教授,,,,,,2021年8月24日
灰度,零死角玩转stm32,刘火良,零死角玩转stm32,b站官方账号,BV1Xs411g7Aj,通信工程,起始从stm32固件库入手，对后期stm32固件库编程会有一个具体的认识，各种外设讲解详细有条理，不至于混乱，从51过渡强推,2021年2月8日
李平平和赵安安,零起点俄语入门,张金兰,俄语,学习强国,,俄语,适合入门学习，老师很友好，内容相对简单,2021年2月8日
Eva,零基础入门学习Python,鱼c-小甲鱼,python,b站官方账号,先搜up主再搜Python,土木工程,同上,2021年1月19日
张尔莫斯,领导心理学,talben shahar,心理学,网易公开课,https://open.163.com/newview/movie/free?pid=MAOLIFV6H&mid=MAOLIS3K3,心理学,,2021年2月9日
Inale,量子力学,Leonard Susskind,量子力学,网易公开课,http://open.163.com/special/opencourse/mechanics.html,高分子材料与工程,,2021年1月16日
Freeliner,量子力学,B站UP主没尾巴的耗子,物理学,B站官方账号,B站搜“兰兰的不自量力”,,深入浅出，讲解详细。适合考研或想学习量子力学的同学。,2021年1月18日
昂然Sama,量子力学,王可嘉,物理学,b站,https://www.bilibili.com/video/BV13E41147eJ,物理,,2021年4月2日
十五的月亮十六袁,力学,物理系的允文君,力学,b站up主,https://www.bilibili.com/video/BV17s41187Hj,大学物理,对物理专业的我来说，这就是救命的。,2021年2月9日
星海的游吟诗人,离散数学,刘田 屈婉玲 王捍贫,计算机科学与技术,爱课程,http://www.icourses.cn/sCourse/course_6447.html,,北大讲师，国家精品课，内容较完整,2021年1月17日
baozi921,理论力学（物理类）,任延宇,物理学,B站/中国大学MOOC,https://www.icourse163.org/course/HIT-1206323802,物理学,老师很有情怀，讲课清晰明了，而且有板书推公式，缺点是内容比较基础，适合入门,2021年1月29日
Freeliner,理论力学,任延宇,物理学,中国大学MOOC,https://www.icourse163.org/course/HIT-1206323802,,任老师亲自上传的课程，PPT制作精美，板书工整漂亮。声音洪亮，语言流畅。思路清晰，条理分明，解惑疑难。在讲授知识的同时传达对物理的深刻理解。,2021年1月18日
ChanPython,理论力学,未知,力学,国家精品课,,机械类,老师讲得非常好，期末靠他没问题,2021年2月9日
是你的翌耀呀,老年心理学,北大张昕,心理学,B站,https://space.bilibili.com/33937085/video,心理学,,2021年12月6日
胡思乱想的咸鱼,老男孩Python全栈开发29期全套,程序员_Egon_爱根老师,Python软件设计,B站官方账号,https://www.bilibili.com/video/BV1QE41147hU,软件工程,老师讲解系统深入，目前来说是找到的最系统的python课了，同时没有了学院派的束缚，听起来有趣，我已经看到了600多课,2021年2月9日
,劳动与社会保障法,熊晖,法学,mooc网,,劳动与社会保障法,抱有人文主义视角的劳动法教学,2021年2月9日
风-城-烟-雨,蓝桥杯编程比赛题解,**,蓝桥杯编程比赛题解,B站up主,BV1QE411E7ft,蓝桥杯,近乎全面的蓝桥杯java组题解,2021年2月10日
是我阿克希呀,适老居住空间与环境设计,周燕珉,建筑设计,学堂在线,https://www.xuetangx.com/course/THU08281000383/4227267?channel=learn_title,建筑学,介绍我国人口老龄化现状居住政策，从多角度讲解建筑项目的适老化设计,2021年2月9日
晓,军事理论,艾跃进,军事理论,四月网,,机工,对我们的思想有很大的启发,2021年1月16日
露水,经济学原理,钱颖,经济学,爱课程,http://www.icourses.cn/sCourse/course_3004.html,法学,了解一些经济学~以更加宏观的视角看世界~,2021年1月16日
渺云掠影,经济数学,高数叔的百宝箱,高等数学,B站up主,BV1FA411s79E,物流管理,对定理证明讲授清晰易懂,2021年2月9日
乌漆麻黑,近世代数/抽象代数,b站up主无尽沙砾,数学与应用数学,b站官方账号,,数学与应用数学,up主自制的，讲的很细致，拯救了我的近世代数。但是还没讲完，up主还在更新拓扑学之类的视频，需要或者感兴趣的可以去康康,2021年1月18日
Ayzjl,金融市场基础知识,北北,金融市场基础知识,b站官方账号,https://www.bilibili.com/video/BV1Ab411V7iU,证券初级考试,让我在迷茫的考试不知道如何复习找到了一条小路。就是内容有广告，请看的时候注意甄别,2021年2月9日
SailorKong,解剖学,霍琨,医学相关,辽宁资源共享,http://sharecourse.upln.cn/pdt/sharecourse/index.html,运动人体科学&电子信息工程,板书精良，灵魂画家，由浅入深，受益匪浅。,2021年1月18日
自渡iu,解刨学基础,李云庆,中医学,爱课程app,,中医学,,2021年2月8日
小荷才露尖尖角,结晶学与矿物学,赵珊荣,结晶学与矿物学,中国大学MOOC,直接搜,地质学类,讲的很清晰，还有实习课的录像。而且教材都是她出的。,2021年1月18日
天気,结构生物化学,杨荣武,生物科学,中国大学MOOC,https://www.icourse163.org/course/NJU-1001572004,生物技术,超优质生化课程资源，老师讲解得很清晰而且很有趣,2021年1月18日
梦蝶竹叶,结构生物化学,杨荣武,生物技术,中国大学慕课,,生物技术,老师讲的很好,2021年2月9日
cedrick,结构力学,范小春,结构力学,中国大学慕课,,土木工程,授课简单易懂，用的是最通俗易懂的语言来传授知识，而且这是我们学校的老师，强烈向大家安利,2021年2月3日
cedrick,结构力学,朱慈勉,结构力学,超星,搜结构力学 朱慈勉（超星版本）,土木工程,结构力学比较难的版本，很注重定性分析思维的培养,2021年2月3日
WL王嘉尔总站,简明世界史 一、二,潘迎春,历史学,中国大学MOOC（国家精品课）,https://www.icourse163.org/course/WHU-230009,历史学（师范）,教材重点都涉及到，一个视频时间不长全是干货，老师的语言也很清晰，适合反复观看,2021年2月8日
东方月圆,剪辑教程,b站up南门录像厅,剪辑,B站up主官方号,https://b23.tv/hpUrGs,剪辑,干货满满,2021年1月19日
魂帝HD,基于VS2019的C语言教程,Frank,C语言入门,b站官方账号,https://www.bilibili.com/video/BV1qE411d7Zx,汽车服务工程,前微软大佬，讲解通俗易懂，经常举一些生活中的例子,2021年1月27日
Thello,基于STM32CubeMX和HAL驱动库的嵌入式系统设计,漆强,单片机STM32,MOOC,（在MOOC上查找）,光电信息科学与工程,这个课不一定适合完完全全零基础的同学，虽然但是，在有少量了解的情况下，就会老师讲得很清楚，也很适合像我这样的菜鸡，而且目前我在网上找到的系统地教STN32CubeMX和HAL库使用的课程真不多，跟着老师现在也可以写一些代码了。,2021年2月8日
漠上枯灯,机械制图,田凌,机械类,爱课程,http://www.icourses.cn/sCourse/course_2971.html,机械类,课程前面大部分都是田凌老师在讲，看了后感觉讲的很利于理解，不像书上那种，说的比较模糊,2021年1月17日
SUPER MACHINIST,机械制图,田凌,机械类,大学资源网,http://www.dxzy163.com/view/index1504.html,机械类,第58号的网友已经在上面提过这位老师了，但是他的地址貌似是错的吧，这个是我自己找到的视频地址,2021年1月18日
何必标一名,机械原理,,机械,B站/中国大学MOOC,https://www.icourse163.org/course/NWPU-20007,机械,,2021年2月9日
何必标一名,机械设计,,机械,B站/中国大学MOOC,https://www.icourse163.org/course/NWPU-17001,机械,,2021年2月9日
子望兄,机械设计,吴鹿鸣,机械设计,爱课程,http://www.icourses.cn/sCourse/course_3163.html,机械设计制造及其自动化,机械设计为机械类专业的重点课程，其公式复杂，内容繁多，并不好学。吴鹿鸣教授讲解的机械设计深入浅出，建议配套西北工业大学的《机械设计》（濮良贵）书使用更香（现已出到第十版）,2021年2月27日
等七人合体,计算机二级MS Office,小黑老师,计算机应用,b站官方账号,https://www.bilibili.com/video/BV1Xt411g7jT,旅游管理,老师讲课细致，语言很幽默，学起来很有兴趣，对于小白来说很有用，细节也很多都讲到了,2021年1月21日
独行飞猪,计算机,pick黑马程序员,计算机,B站官方账号,https://b23.tv/hrvJ53,软件工程,前段入门超级适合，老师讲课诙谐幽默,2021年1月17日
莲鲤,计量经济学,庞皓,统计,B站,https://www.bilibili.com/video/BV1Ax4117793,会计,虽然十几年前的录制画质感人，但老师讲解思路非常清晰,2021年1月28日
香菜不吃葱,计量经济学,陈志鸿、唐丹、潘红宇,经济学,bilibili,https://www.bilibili.com/video/BV1gV411E7wS,经管,,2021年6月10日
三里河的北风,积极心理学,Tal,心理学,网易公开课,BV1Gs411o71d,侦查学,想要调整自己的心态，学习如何获取幸福，可以看看这个视频。,2021年1月18日
张尔莫斯,积极心理学,talben shahar,心理学,网易公开课,,心理学,,2021年2月9日
它魔亓,基礎會計學,,基礎會計學,爱课程（国家精品课）,http://www.icourses.cn/sCourse/course_7038.html,國際經濟與貿易,老師講課清晰明了，主要就是能聽進去,2021年2月9日
良辰,java基础,颜群,计算机,B站up主,https://b23.tv/O6szJF,计算机,最详细的java基础课程（个人认为）,2021年2月9日
Brian,货币银行学,黄益平,金融,B站、华文慕课,http://www.chinesemooc.org/mooc/4860,金融,本课是黄益平教授2014年秋季学期给北大国发院本科金融双学位开的，本课程最大的特点是理论联系实际、案例丰富。其本身就是学术大佬，又出任过花旗董事总经理、巴克莱董事总经理，在15年-18年其又当选为央行货币政策委员会委员。（B站的不全，华文慕课的视频全）,2021年2月8日
莲鲤,货币金融学,翁舟杰,金融,中国大学MOOC,https://www.icourse163.org/course/SWUFE-1003017009,会计,课程视频剪辑精良，PPT动画清晰美观，老师讲解生动易懂,2021年1月28日
氺来,货币金融学,谢绵陛,金融学,中国大学mooc,https://www.icourse163.org/course/preview/jmu-1206689809/?tid=1207020210,金融学,可以为金融学建立基本框架，很适合作为入门课程,2021年2月11日
男神的气质,混凝土结构基本原理,顾祥林,土木工程,中国大学MOOC,https://www.icourse163.org/course/TONGJI-53003,土木工程,,2021年1月17日
小齐全全,混凝土结构基本原理,顾祥林,混凝土结构基本原理,B站（大学公开课）,BV1EW411A7cR,土木工程,,2021年2月6日
MOUSEAT,混沌动力学基础,郝柏林,物理,B站（大学公开课）,BV1FW41157zW,化学,差点就成为朗道学生的中国院士,2021年2月9日
东方月圆,绘画教程,b站up主至尚君,绘画,B站up主官方号,https://b23.tv/sPrVtG,动漫,绘画教程 很良心,2021年1月19日
东方月圆,绘画教程,b站upKrenz,绘画,B站up主官方号,https://b23.tv/A9vKok,动漫,绘画教程 懂的都懂,2021年1月19日
东方月圆,绘画教程,b站up插画设计师-西瓜,绘画,B站up主官方号,https://b23.tv/2PDeSX,动漫,procreate绘画教程 零基础,2021年1月19日
HelloMorld,汇编语言程序设计,钱晓捷、张青,计算机科学与技术,中国大学MOOC,https://www.icourse163.org/course/ZZU-1001796025?tid=1206810211,计算机科学与技术,讲解清晰，循序渐进，没有废话。,2021年2月9日
雪,化工热力学,冯新,化工热力学（化学工程分支）,B站/MOOC都有,https://www.icourse163.org/course/NJTECH-1001752212,化工,博士生导师，推荐的这门课是老师上课期间录制的，讲得很好。学校里江苏省化工热力学教材就是她主编的,2021年2月8日
云慢慢,红楼梦,欧丽娟,汉语言文学,台湾大学公开课,http://ocw.aca.ntu.edu.tw/ntu-ocw/index.php/ocw/cou/101S120/7,汉语言文学,讲解内容有深度，可以引发我们新思路,2021年1月19日
龍渊,宏观经济学二十五讲,徐高,经济学,B站官方账号,https://www.bilibili.com/video/BV1oE411Z7TU?from=search&seid=13937971863718057561,经济学,建议首先学习初级宏观，然后本课，然后中级宏观，会让你在理论和实践上有较深理解,2021年2月9日
香菜不吃葱,宏观经济学,北大光华教授唐遥,经济学,bilibili,https://www.bilibili.com/video/BV1tJ411z7x2,经管,,2021年3月1日
JiangNanjiu江南九,宏观经济学,叶航,经济系,B站,,经济学,,2021年3月15日
它魔亓,宏觀經濟學,小卷毛愛學習,宏觀經濟學,B站up主,https://b23.tv/jDlRZO,國際經濟與貿易,相信我，老師講的沒聽懂，她講的特別清晰，一定可以听懂,2021年2月9日
穷开心,好玩的广告学,汤志耘,广告学,中国大学mooc,直接搜索即可,广告学,专业老师推荐，讲述清晰有趣,2021年1月18日
哔哩哔哩首席执刑官,行为经济学,孟涓涓,经济学,爱课程,https://www.icourse163.org/course/PKU-1002618003,经济学,好好学习，天天向上,2021年2月25日
香菜不吃葱,行为经济学,北大光华教授孟涓涓,经济学,bilibili,https://www.bilibili.com/video/BV1xJ411z7Ln,经管,,2021年3月1日
不想学习书法的书法生,行草篆隶,陈建忠书法学堂,书法学,B站up主,https://b23.tv/AGgSS0,书法学,书法普及大师，业余的可以跟着学,2021年2月9日
十五的月亮十六袁,光学,物理系的允文君,光学,b站up主,https://www.bilibili.com/video/BV1mx41137dQ,大学物理,分享的网址只有绪论，其他优质课程在他个人主页里找,2021年2月9日
SNOWIOR,固体物理学,李丹 刘斌,大学物理,MOOC,https://www.icourse163.org/course/NJTU-1207232804?tid=1207572205,物理学,讲的比较基础，但是能对固体物理及半导体，凝聚态的基础知识有一定的了解,2021年2月9日
kkkllkkkk,古典油画静物,沈若,古典油画,b站官方账号,BV18x411L7V5,艺术学,视频氛围安静，知识详细，讲解的素描关系的建立,2021年2月10日
云慢慢,古代文论,杨宁老师,汉语言文学,官方B站号,搜up主：西竹书院 杨宁老师,汉语言文学,思路清晰，语言明白易懂,2021年1月19日
小小哇哇,古代汉语,胡安顺老师,汉语言文学,爱课程,http://www.icourses.cn/sCourse/course_7300.html,汉语言文学,很棒,2021年1月19日
张紫溟,古代汉语,高小方,古代汉语,超星学习通,直接搜索,汉语言文学,南派古代汉语代表人物，著《古代汉语》,2021年2月7日
法学透明仔,公正该如何是好,迈克尔·桑德尔,哲学,网易公开课,https://open.163.com/newview/movie/free?pid=FEV4G1NN0&mid=VEV4G1NQ3,法学,非常有深度，对法学学习启发有一定作用（难度较高）,2021年1月16日
青山不老asdf,工程热力学,史琳,热能工程系工程热物理,,,,,2021年8月24日
东方月圆,各种绘画教程,b站up主抖抖村,绘画,B站up主官方号,直接搜,动漫,我相信绘画界大概都知道,2021年1月19日
一枚千纸鹤,高数叔,高数叔,高等数学,b站官方账号,高数叔,电子信息工程,简洁明了，通俗易懂，理科不那么好的童鞋比较适用,2021年1月18日
天选之子dys,高数,梨米特考研数学,高数,B站官方账号,,信息管理与信息系统,老师讲课清晰明了，例题典型，并且还有总结，值得一看,2021年2月8日
yi_zhi,高等数学/线性代数,宋浩,高等数学/线性代数,B站官方账号,,信息与计算科学,上课比较有趣，讲的也很清楚，抽象概念便于理解。,2021年2月8日
Pluto11122,高等数学,宋浩,高等数学,B站官方账号,,电子信息工程,,2021年2月10日
每天都要努力鸭,高等数学,宋浩,高等数学,B站官方账号,,国际商务,清晰易懂，幽默可爱,2021年1月16日
东云,高等数学,乐经良,高等数学,爱课程,http://www.icourses.cn/sCourse/course_7182.html,英语翻译,详细，干货多，难度略高,2021年1月16日
临床渣渣,高等数学,宋浩,高等数学,B站官方账号,,临床医学,实用性高,2021年1月16日
Summit酱,高等数学,宋浩,高等数学,B站官方账号,,计算机科学与技术,学校老师的听不懂，但宋浩的能听懂,2021年1月17日
努力的星子,高等数学,宋浩,高等数学,B站官方账号,直接在B站搜索宋浩老师,教育学类,大学四年高数不发愁，本人亲身体验,2021年1月18日
霁夜呐,高等数学,b站up李大意儿,高等数学,B站up主官方号,直接搜,软工,讲得很生动,2021年1月19日
吃货阿振,高等数学,乐经良,高等数学,爱课程,http://www.icourses.cn/sCourse/course_7182.html,通识,乐老师讲的很易懂，不过有些地方要思索一下，不过对于许多人来说都不是很难，当然当中有些题目不适合我们做，也有些题目没有答案，不过乐老师对于整个高数的理解，对于题目的理解都不是一般老师能达到的，通过乐老师学习，对于学习高数来说不再是死记硬背和做题。,2021年1月21日
懒癌晚期,高等数学,宋浩,高等数学,B站官方账号,https://www.bilibili.com/video/BV1Eb411u7Fw,飞机机电维修,简单易懂，重视基础,2021年2月2日
Hiccup,高等数学,樊顺厚,
高等数学,学习通,https://ssvideo.superlib.com/api/video/play/mobile?seriesid=4705&vid=90624&sign=videoplay_faxian&enc=79e2e065ddfc181eae0f72f8d1df8f15&appId=1000,高等数学,这位老师上课不用PPT！不用PPT！不用PPT！,2021年2月8日
梅零落,高等数学,乐经良,高等数学,爱课程,http://www.icourses.cn/sCourse/course_7182.html,水土保持与荒漠化防治,,2021年2月8日
这纱原叫月影纱,高等数学,宋浩,微积分,B站官方账号,https://b23.tv/L44xHf,工商管理,老师讲解细致，幽默风趣，高数全靠这位老师了,2021年2月9日
住在海边XXX,高等代数,乐乐老师的网络课堂,高等代数,B站官方账号,,统计,详略得当，突出重点，适合课上听得云里雾里然后回去自学,2021年1月17日
学到头秃才算完,分析化学,李发美,药学,自学社,http://www.zxshe.com/download/view-software-2790.html,药学,预习复习分析化学的小伙伴们，看他,2021年2月9日
猪猪侠,非线性控制,诸兵,控制,b站官方账号,https://www.bilibili.com/video/BV1a7411j7cX,控制工程,非线性控制 老师板书推导,2021年2月9日
黄芽,方剂学,邓中甲,中医学,知盈,http://v.knowwing.com/special/details/2.html,中医学,,2021年2月9日
全网通缉在逃ing,法语入门系列,法语二师兄,法语,B站up主,https://space.bilibili.com/173544438/channel/detail?cid=20072,汉语言文学,,2021年2月9日
沧浪水,法理学,苏力（朱苏力）,法理学,B站(大学公开课）,BV1Ms411y7vG,法学,本科法学教育，同时融汇经济、政治、历史学,2021年2月9日
柳宇风殇,电路原理A,于锌杰,电路,国家精品课,http://www.icourses.cn/sCourse/course_2980.html,电子信息工程,清华老师授课，通俗易懂，为数电模电打下坚实基础,2021年2月9日
十五的月亮十六袁,电磁学,物理系的允文君,电磁学,b站up主,https://www.bilibili.com/video/BV18x411Q7hf,大学物理,分享的网址只有绪论，其他优质课程在他个人主页里找,2021年2月9日
南望山人,地史学,龚一鸣等老师,地质学,爱课程,http://www.icourses.cn/sCourse/course_3299.html#,地质学,国家精品课程，中国地质大学地质学专业的核心课程,2021年2月10日
Tian.H,大学生力学竞赛-材料力学,胡益平,材料力学,中国大学MOOC,,工程力学,对今年参加力学竞赛的同学有直接帮助；其他学习材料力学的同学通过这门课可以对材力有完全不不一样的理解！,2021年2月10日
-XXAY-,python,大西瓜老师,,B站官方账号,BV1ex411x7Em,生信,可以说对新手是十分友好了 不能再友好了 十分适合入门,2021年1月17日
南风圣光,PhotoShop,Nemanja Sekulic,设计,虎课网,https://huke88.com/teacher/3104534.html,推荐课程与本人专业无关,这门课不仅能够学到很多PS的使用技巧，更重要的是老师的想象力天马行空，可以给我们很多的启发，顺便还能练练英语听力,2021年1月17日
嘟嘟噜1999,PCB,凡亿教育,AD2020 PCB画图,B站官方账号,https://space.bilibili.com/11979252,电子信息工程,老师讲的纯小白可以学，老师用的是AD2020，入门AD十分好,2021年2月9日
Anarcho-communist,Nico's Weg,,德语,德国之声德语角,https://learngerman.dw.com/en/overview,自动化,从字母到B2都有，视频和练习结合，视频不死板，很贴近实际，练习的种类也很多，需要翻墙,2021年2月9日
风-城-烟-雨,Java0基础教程_Java零基础入门到精通Ⅰ,阿拓老师,计算机编程语言,B站up主,,Java基础,阿拓老师讲的Java基础非常的透彻，非常的全面，是一个体系的，很建议新手入门，特别是对Java有恐惧症的！！,2021年2月10日
风-城-烟-雨,java数据结构与算法,**,数据结构,B站up主,https://www.bilibili.com/video/BV1E4411H73v,java数据结构与算法,为数据不多的使用java来实现数据结构和算法问题的。,2021年2月10日
蓝盖蓝瓶的盖,JAVA全栈开发,遇见狂神说,JAVA全栈工程师,B站up本人,https://www.bilibili.com/read/cv5702420,软件技术,适合零基础小白，快速入门，并且进阶！且有其团队设计的学习网站https://www.kuangstudy.com/，完全免费！相当于免费加入一个培训班！,2021年2月9日
smastars,Java零基础教程视频（适合Java 0基础，Java初学入门）,老杜,JAVA编程,B站官方账号,https://www.bilibili.com/video/BV1Rx411876f,软件工程,喜欢车轱辘辗脸 有趣且细节 推荐qwq,2021年2月9日
软软不是軟軟,Java程序设计,翁恺,计算机,中国大学MOOC,https://www.icourse163.org/course/ZJU-1001541001,计算机科学与技术,最开始是mooc平台上，但是现在找不到了，b站恰好还有资源，翁恺是我最喜欢的老师之一,2021年2月9日
smastars,Java_Java零基础进阶必备视频教程（适合Java基础，Java入门,老杜,JAVA编程,B站官方账号,https://www.bilibili.com/video/BV1mE411x7Wt,软件工程,喜欢车轱辘辗脸 有趣且细节 推荐qwq,2021年2月9日
为了闭关修炼换个名字,JAVA web 网站,颜群,java web,b站官方账号,https://b23.tv/ANgkm9,软件技术,我的web启蒙老师,2021年1月16日
Doubllllllz,Intro to Database Systems,,数据库,B站,https://b23.tv/Y8yHSI,软件工程,,2021年2月9日
墙角的青苔,interaction-techniques,Scott Klemmer,交互设计,coursera(国外公开课平台,https://www.coursera.org/learn/interaction-techniques?specialization=interaction-design,交互设计与运营,这章挺重要的，会有交互设计专业独有的理论知识,2021年2月9日
墙角的青苔,interaction-design-capstone,Scott Klemmer,交互设计,coursera(国外公开课平台,https://www.coursera.org/learn/interaction-design-capstone,交互设计与运营,从头到尾给你梳理一遍整个流程,2021年2月9日
墙角的青苔,infodesign,Scott Klemmer,交互设计,coursera(国外公开课平台,https://www.coursera.org/learn/infodesign#about,交互设计与运营,原型、布局之类的,2021年2月9日
墙角的青苔,human-computer-interactionan：Introduction,Scott Klemmer,交互设计,coursera(国外公开课平台,https://www.coursera.org/learn/human-computer-interaction?specialization=interaction-design,交互设计与运营,加利福尼亚大学交互设计的课程，总共八个覆盖的十分全面。整体比较理论学院派的风格，不像之前几个介绍的实操性那么强，更多是强调思维方面的内容，想进入这行的话建议可以看看，b站没上传但coursera有中文字幕，注册点旁听即可。如果想深入研究的话，可以尝试去了解认知科学方面的内容,2021年2月9日
cola,Hadoop,黑马程序员,Hadoop,B站官方账号,http://stu.ityxb.com,数据科学与大数据技术,各类课都有跟着学就能会,2021年2月9日
zeuswe,GAMES101-现代计算机图形学入门,闫令琪,计算机图形学,B站官方账号,BV1X7411F744,计算机技术,讲解十分精彩的计算机图形学入门课程,2021年2月9日
无缝苍蝇不叮蛋,佛教文化,高文强,国学,中国大学mooc,,生物技术,有趣的通识课程，在有限的时间内尽可能梳理佛学的兴衰及各个流派，对于完全的佛学门外汉来说，可以迅速对佛学建立起一个大体框架,2021年1月28日
-XXAY-,分子生物学,郑老师,分子生物,中国大学MOOC（第一次开课可看）,http://www.icourse163.org/course/NJU-1207105805?tid=1207475213,生信,老师讲的比较生动形象,2021年1月17日
秋日里鱼肥,方言与中国文化,阮桂君,汉语方言学,中国大学MOOC,http://163.lu/ZRIgk1,旅游管理,,2021年1月18日
月神~小白兔,俄罗斯与核军控,Andrey Pavlov, Anastasia Malygina,军控,Coursera,coursera.org/learn/russia-and-nuclear-arms-control,国际关系,很好的核军控入门课，授课语言是英文，尚未看见中文字幕。,2021年1月24日
努力啊大正思,对外经济贸易大学《经济学导论》,施丹,管理学,B站,https://www.bilibili.com/video/BV1wD4y1U7p8,经济管理,贸大精品课！,2021年1月16日
努力啊大正思,对外经济贸易大学《货币金融学》,蒋先玲,管理学,B站,https://www.bilibili.com/video/BV1nK4y1v7Bv,经济管理,贸大精品课！,2021年1月16日
努力啊大正思,对外经济贸易大学《财务报表分析》,张新民、钱爱民,管理学,B站,https://www.bilibili.com/video/BV1Jo4y1f7j3,经济管理,贸大精品课！,2021年1月16日
羊驼Abigial,动力气象,,动力气象,中国大学MOOC,https://www.icourse163.org/course/NJU-1003608005,大气科学,该课程较清晰细致的讲解了动力气象的许多重要概念及理论，虽然依旧是比较难理解的内容，但老师们的讲解十分专业，为理解提供了许多帮助,2021年2月8日
Kyleffv,电子模拟电子技术,郑益慧,电子信息,B站,,电子电气工程,老师认真负责，深入浅出,2021年2月10日
柳宇风殇,电子技术基础 模拟部分（第五版）,张林,电气,B站（资源共享课）,https://www.bilibili.com/video/BV1cW411o7jX?from=search&seid=14580191881742056627,电子信息工程,该书试用于华中科大康华光老师编写使用，目前B站授课只有第五版，陆续有第六版课程我会关注,2021年2月9日
夏和半山,电力电子技术,西瓜粥西瓜粥,电力电子技术,B站官方账号,https://www.bilibili.com/video/BV1C7411E7Ww,自动化,细节，清晰，理解深刻,2021年2月8日
西窗残荷,地理信息系统（GIS）实验,汤国安,GIS、城乡规划,中国大学MOOC,http://163.lu/DmPa52,城乡规划,GIS基础操作,2021年2月9日
月光宝盒101,道路勘测设计,程建川、卞凤兰、于斌、刘洪波、陈飞,道路与铁路工程,b站,https://www.bilibili.com/video/BV1o84y1F7CR,道路勘测设计,王牌专业王牌课阿,2021年6月7日
自在如风的少年lc,单片机原理与应用,戴胜华,单片机,中国MOOC课,https://www.icourse163.org/course/NJTU-1001729006,机械,作为单片机的入门者，在浏览众多单片机课程后，这门课程讲解最为清晰，逻辑强，缺点是课程剪辑比较碎片化，不过在中国大学MOOC上最新的慕课开始把完整版也列出了，是单片机入门的不二选择,2021年2月11日
天気,代谢生物化学,杨荣武,生物科学,中国大学MOOC,https://www.icourse163.org/course/NJU-1207453804,生物技术,超优质生化课程资源，老师讲解得很清晰而且很有趣,2021年1月18日
Eva,带你学c带你飞,鱼c-小甲鱼,c语言,b站官方账号,先搜up主再搜c,土木工程,思路清楚易懂,2021年1月19日
,带你学c带你飞,b站鱼C-小甲鱼,c语言,b站up主,BV17s411N78s,信息管理与信息系统,课堂比较活泼有趣，然后课上也会敲代码演示,2021年2月9日
东方月圆,代表作《入海》《啥是佩奇》等,b站up主迷一样的剪辑师,剪辑师,B站up主官方号,直接搜,剪辑,干货颇多,2021年1月19日
天気,大学物理,马文蔚,物理学,爱课程,http://www.icourses.cn/sCourse/course_7032.html,生物技术,期末救星，全靠他上了90，而且老师讲解很详细，基础不太好的也能听得懂,2021年1月18日
世界现存最可爱人类,大学物理,同济大学多位教师,物理,中国大学MOOC,,数据科学与大数据技术,一节课十几二十分钟 清晰易懂（量子力学那两章的老师讲的不太好） 非常适合考前临时抱佛脚以及课前预习,2021年2月8日
小问号有很多问号,大学物理,马东蔚,大学物理,B站/中国慕课,http://www.icourses.cn/sCourse/course_7032.html,园艺,吹爆“波动光学”那一章，“机械波”部分建议看东南大学的,2021年1月19日
艾莉丝_格雷拉特,大学计算机基础,,大计基,B站官方账号,https://www.bilibili.com/video/BV1EW411u7th,计算机科学与技术、大计基,动画演示丰富，逻辑清晰语言风趣（比学校ppt强多了），了解计算机历史也是这个学科很有趣的一部分,2021年2月7日
许zy,大数据技术原理与应用,,大数据,中国大学mooc,https://www.icourse163.org/course/XMU-1002335004,计算机科学,适合计算机专业的同学们入手学习大数据技术,2021年1月18日
昔往今来,大气污染控制工程,郝吉明,环境工程,爱课程,http://www.icourses.cn/sCourse/course_2961.html,环境工程,环境领域的清华院士开设的大气污染课程，前两讲由郝院士讲授，后续课程由清华的老师讲述，需要一定的环境工程的学习基础,2021年2月9日
魂帝HD,从零开始的Windows10使用教程,Frank,win10系统入门,b站官方账号,https://www.bilibili.com/video/BV1b7411L785,汽车服务工程,前微软大佬，讲解通俗易懂，讲师本人也参与了win10的相关开发，能全面讲解win10系统的同时，还能保证通俗易懂，对小白十分友好,2021年1月27日
,传统武术文化开发,贾岛,文化产业经营与管理,B站（原创）,https://space.bilibili.com/2910534/channel/detail?cid=24685,文化、旅游类,从商业和休闲角度，以传统武术文化为典型，思考传统文化,2021年2月10日
M.urderer,传热学,陶文铨等,能源动力类,爱课程,http://www.icourses.cn/sCourse/course_4133.html,新能源科学与工程（制冷空调）,教材是他写的嗯，讲的很清楚,2021年2月9日
小君的人化世界,传播学：批判性导论,吴畅畅,传播学,中国大学MOOC,https://www.icourse163.org/course/ECNU-1002840005,广告学,主要从批判学派角度讲传播学（和刘海龙老师相比，这位老师会从现实入手，更通俗一些；两位老师的重点基本都不在经验学派，入门的同学推荐看李彬老师的书《传播学引论》，和郭庆光老师的《传播学教程》相比，李彬老师的书更像讲座，没那么晦涩）,2021年1月18日
七月既望,传播心理学,潘亚楠,新闻传播学,中国大学MOOC,,新闻学,心理学和传播学交叉，适合新传专业学生学习，也适合大众学习,2021年2月11日
我不喜欢吃甜的,传播统计学,艾小艾来自地球（up）,新闻与传播学,B站官方账号,搜索老师网名就行，这是他的第一个视频BV114411177V,新闻与传播学,老师自己录制，清楚易懂,2021年1月20日
小君的人化世界,传播理论,刘海龙,传播学,慕课,https://www.icourse163.org/course/RUC-1449339163?tid=1454569455,广告学,建议配合老师写的书《大众传播学理论：范式与流派》食用（这本书也是考研、保研的同学必看的进阶书，入门书见上一条），框架清晰，基本梳理了传播学各大学派的发展过程，介绍了主要的传播理论，但课程更学术化，比较适合作为进阶课程食用,2021年1月18日
小斯,传播理论,刘海龙,传播学,中国大学mooc,,会计跨考新传,,2021年6月13日
世界旅行者,初学者的口琴学习入门,嘉德瑞乐器,音乐,B站up本人,BV1hK411H7A1,24孔复音口琴初学教学,这个视频具有完整的入门教学，一共分10个阶段，根据个人的情况不同可以适当加练，老师讲的非常清楚目前我已经学到第5课，感觉非常好我已经能完整的吹单音曲子了,2021年2月9日
它魔亓,初級微觀經濟學,史晋川,微觀經濟學,爱课程（国家精品课）,http://www.icourses.cn/sCourse/course_6796.html,國際經濟與貿易,老師風趣幽默，講課趣味性高，學識淵博，講課清晰易懂,2021年2月9日
万湿之海,程序设计入门-C语言,翁恺,计算机,mooc,,软件工程,,2021年2月8日
留云龙云,测量学,何彬彬,土木工程,b站,https://www.bilibili.com/video/BV1s64y1d7Xm,土木工程测量,,2021年5月20日
冒蓝火的哒哒哒哒王,操作系统,向勇、陈渝,计算机,Github,https://github.com/chyyuu/os_course_info,测控技术与仪器,极其适合入门和考研，条例清晰，还有一个Demo的操作系统学习。,2021年2月8日
张二麻,财务报表分析,张新民老师,财务报表分析,B站/中国大学MOOC,https://www.icourse163.org/course/UIBE-1003252013,财务管理,适合不想再当韭菜的人，B站上的投资视频看看就好，真想通过投资达到财务自由实现人格独立，做好本职工作再努力下苦功，就从张老师的课程来看吧，如果链接消失，百度搜索张新民老师查找相应课程。,2021年2月8日
Tian.H,材料力学,郭战胜,材料力学,中国大学MOOC,,工程力学,知识点讲解很全！,2021年2月10日
止于云端,材料科学基础,王永欣,材料化学,爱课程,http://www.icourses.cn/sCourse/course_4405.html,材料,建议和评论区ppt一起食用，效果更好,2021年1月16日
驹驹特爱笑,播音主持创作基础,王明军、阎良、刘卓、陈晓鸥、王群、王宇红,播音与主持艺术,中国大学MOOC,https://www.icourse163.org/course/CUC-1462067162,播音与主持艺术,在本门课程中，老师们将以通俗易懂的语言、典型的创作案例、清晰的分析讲解，带领同学们走进播音主持语言创作的艺术世界，激发同学们对播音主持语言艺术的热爱，建立语言艺术创作思维，掌握语言艺术创作的基础能力。,2021年2月10日
Bird,博弈论,Benjamin Polak,经济学,网易公开课,https://open.163.com/newview/movie/free?pid=M6GOEJOME&mid=M7KDCISOB,经济学（金融学/神经经济学）,,2021年2月9日
MagHSK,编译原理（Compilers）,Alex Aiken,计算机,B站（搜索CS-143）,https://www.bilibili.com/video/BV1cE411f78c,计算机科学,CS-143,2021年3月3日
碳碳apartment,宝石鉴定与鉴赏,李耿,宝石材料学,网易公开课,https://open.163.com/newview/movie/free?pid=MAH2S9PHU&mid=MAHAM9A7O,材料化学,无数宝石外行人家，通过他的课走向专业珠宝的道路。,2021年2月9日
墙角的青苔,user-research,Elizabeth Gerber,交互设计,coursera(国外公开课平台,https://www.coursera.org/learn/user-research,交互设计与运营,讲用户调研的，对之后工作还挺有帮助的,2021年2月9日
Stack_Overflow-,STM32F103,刘火良,计算机,B站（作者授权,BV1yW411Y7Gw,计算机,适合对单片机没概念的，但要有数电和C语言基础,2021年2月9日
墙角的青苔,social-computing,Scott Klemmer,交互设计,coursera(国外公开课平台,https://www.coursera.org/learn/social-computing?specialization=interaction-design,交互设计与运营,这章相对没那么重要，主要是一些机遇挑战之类的,2021年2月9日
时间见证恒久,python,,计算机,B站up主（授权发布）,https://www.bilibili.com/video/BV1wD4y1o7AS?p=6&spm_id_from=pageDriver,计算机语言,,2021年1月29日
墙角的青苔,design-principles,Scott Klemmer,交互设计,coursera(国外公开课平台,https://www.coursera.org/learn/design-principles?specialization=interaction-design,交互设计与运营,设计原则、设计规范等等,2021年2月9日
墙角的青苔,designexperiments,Scott Klemmer,交互设计,coursera(国外公开课平台,https://www.coursera.org/learn/designexperiments,交互设计与运营,难度过高，建议跳过。会R语言或数学好的可以试着去挑战,2021年2月9日
Doubllllllz,C++primer精讲（每周六更新）,狗道诗人,C++,B站up主,https://www.bilibili.com/video/BV1wV411U7Fe,软件工程,扔掉c++ primer（拿去当枕头）看这个吧,2021年2月9日
问萱公子,C++语言程序设计,清华教授郑莉,计算机,B站,https://space.bilibili.com/702528832?from=search&seid=16734152127141950145&spm_id_from=333.337.0.0,计算机,老师本人视频，讲的还是很好的,2021年12月6日
eth.er░,c++教程从0到1入门…,,C++,b站官方账号,BV1et411b73Z,自动化,对新手友好，用画图来解释得清楚，有适量的举例来辅助理解,2021年1月16日
霁夜呐,c/c++等编程语言,b站up黑马程序员,编程,B站up主官方号,直接搜,软工,内容适合零基础,2021年1月19日
卖辣条的绅士星,C、Java程序设计,翁恺,计算机,MOOC,,软件工程,思路清晰，简单易懂，适合刚入学的初学者,2021年2月2日
北叶粑粑,c语言教程,b站比特鹏哥,C语言,B站up主,BV1oi4y1g7CF,软件工程,讲的很细，容易理解,2021年2月9日
KnightWJD,C语言教程,鹏哥,C语言,B站官方账号,https://www.bilibili.com/video/BV1oi4y1g7CF?p=1&share_medium=android&share_plat=android&share_source=QQ&share_tag=s_i&timestamp=1610788121&unique_k=pDKXPR,计算机网络技术,讲的非常的细致，并且通俗易懂，（一个人学习C语言除了问题没能能教你怎么解决是很痛苦的）,2021年1月17日
九尺镇,c语言基础入门,C3程序员,c语言,B站官方账号,BV18W411R7zk,软件工程,http://www.52c3.com/qq.html   他的博客。与其他编程讲师相比，他的视频系统性很强，有很完整的一条学习链。他人也很沙雕。,2021年2月9日
求求大家不要再夸我了,C语言基础,c3程序猿,C语言,B站官方账号,https://space.bilibili.com/19935498,计算机科学与技术,老师讲的非常细致，对于一些常见的题也都有讲，基本上和老师讲的内容与题目接轨，看完会对c语言有很深刻的理解,2021年2月9日
吃货阿振,C语言程序设计精髓,苏小红,C语言,网易公开课或mooc,https://open.163.com/newview/movie/free?pid=MEEF19UTM&mid=MEEF36JHK#share-mob,计算机科学与技术,非常的详细，对于许多大一没有基础的学生十分的友好，中间穿插一些实例，不过稍微有点读ppt的感觉，但讲的十分系统详细，这也是我推荐它的理由，然后如果你想十分快速而系统地学完c语言。,2021年1月21日
饺子皮zzzz,C语言,B站UP主 鱼C-小甲鱼,计算机,B站up主,https://www.bilibili.com/video/BV17s411N78s?p=18,计算机科学与技术,适合本科或启蒙学习,2021年2月8日
Mart_Max,c语言,B站 Frank-fuckPPT,计算机,B站,https://www.bilibili.com/video/BV1qE411d7Zx?p=36&spm_id_from=pageDriver,计算机科学与技术,前微软工程师，讲课生动有趣，教会大学里老师不会教你但是必要的知识,2021年4月6日
Lancelot,博弈论,蒋文华,经济学,慕课/网易公开课,http://163.lu/gfXn13,工商管理,该老师具有顶尖级的幽默感，非常难得的亲切感，以及真正的智慧，是非常好的博弈思维入门导师。,2021年2月8日
南宫浅,Blender硬表面教程,GLEB ALEXANDROV,动画/游戏建模,b站,BV14A411n76J,动画,在我入行前对我帮助最大的一个教程，详细讲解了制作流程，以及各个操作的原理，适合对建模有一些了解同时想继续深入的人,2021年1月17日
李媛君,病理学,,医学,中国MOOC课,https://www.icourse163.org/learn/HUST-1206634843?tid=1460894442#/learn/content?type=detail&id=1237299137&cid=1257128380,临床医学,是一群老师 对书本内容再次优化  结构清晰  重点突出,2021年2月8日
槐序十五,标准日本语,教日语的阿飞老师（b站）,日语,B站官方账号,BV1Bp4y1D747,英语,视频简短且完整，适合自学，貌似在不断更新，截止填表日期已经更新到29课。同时还有纠正发音课，听力课，朗读课等，个人感觉很适合第二外语的同学自学。,2021年1月17日
东方月圆,编剧教程,b站up查理老师的编剧课,编剧,B站up主官方号,https://b23.tv/fyf7j9,编剧,适合零基础 深入浅出,2021年1月19日
努力啊大正思,北大光华《微观经济学》,王辉,管理学,B站,https://www.bilibili.com/video/BV1xJ411z7y2,经济管理,思路很清晰，直戳要点,2021年1月16日
努力啊大正思,北大光华《会计学基础》,罗炜,管理学,B站,https://www.bilibili.com/video/BV1sJ411z7wo,经济管理,帮助全面了解财务会计的基本概念框架,2021年1月16日
努力啊大正思,北大光华《宏观经济学》,唐遥,管理学,B站,https://www.bilibili.com/video/BV1tJ411z7x2,经济管理,光华全家桶系列之一,2021年1月16日
努力啊大正思,北大光华《行为经济学》,孟涓涓,管理学,B站,https://www.bilibili.com/video/BV1xJ411z7Ln,经济管理,光华全家桶系列之一,2021年1月16日
化肥,PR,管家课堂崔老师,PR,B站（授权提供）,https://www.bilibili.com/video/BV1ut411S7j7?from=search&seid=18429598012089074163,英语,,2021年2月8日
小兔巴,JAVA,秦疆,计算机,B站up主原创,BV12J41137hu,数学,保姆级入门教程，每一步要按哪个键，输什么字都讲的明明白白。从入门到高级教程都有。就算已经学过一点也有很多收获,2021年2月5日
lb8023lyyForever,FreeCAD,李博明,電子系,YouTube公开课,https://www.youtube.com/watch?v=m1XeAYdpeIY&list=PLdrYbn8q6soMp_Uc5RdAyXaXqsVtK93p-,计算机,,2021年3月1日
-XXAY-,C++,,,B站官方账号,BV1et411b73Z,生信,粗细程度比较合适,2021年1月17日
浅港莫,B站搜索up即可 名称就是渝语兰,渝语兰,物理学,B站up主,https://space.bilibili.com/257994679,大学物理,老师讲解生动有趣，配套的例子和勾画的重点非常棒，强推！,2021年2月11日
smastars,B站首个从零开始的完整的编曲教程,莫逆iMoNe,编曲,B站up主,https://www.bilibili.com/video/BV1Hx411S7zm,音乐学,简单易懂 非常细节 喜欢车轱辘辗脸 qwq,2021年2月9日
须臾,Android入门,天哥,计算机,B站up本人,https://www.bilibili.com/video/BV1Rt411e76H,计算机,适合Android快速入门(需要java基础），评论区GitHub有源码，内容不拖沓冗余，很简要，注意加强练习,2021年2月9日
东方月圆,AI C4D PS教程,b站up主KurTips,平面设计,B站up主官方号,https://b23.tv/gmMKIg,动漫,主Ai的教程,2021年1月19日
橘橘皮皮,Affinity Designer for iPad 教程,b站up主六月六的蓝莓酱,平面设计,B站官方账号,https://b23.tv/X1GFVO,视觉传达设计,极少数affinity designer教程,2021年2月9日
Doubllllllz,2021❤B站最棒英语听力(合集)☛学完提升N个层次(附资源)♪『500+』｜英语听力每日练⏰English,惊叹号的英语世界,英语听力,B站up主,https://www.bilibili.com/video/BV1kT4y1T7MW,软件工程,墙裂推荐，只听两遍就能抓牢大意,2021年2月9日
珠穆狼马蜂,2021考研数学《复习全书基础篇》配套视频,武忠祥,高等数学/线性代数/概率论,b站官方账号,https://www.bilibili.com/video/BV1hJ411879j,数学,适合考研的朋友，将考研数学的内容简单快速地梳理了一遍。其中例题部分的讲解被跳过了，可以暂停后拍下来小猿搜题。,2021年2月8日
lym_official,2020 南京大学计算机系统基础习题课,蒋炎岩,软件工程,B站（老师本人）,https://www.bilibili.com/video/BV1qa4y1j7xk,初中 信息学竞赛生,讲课很有风趣，而且很细致，虽然我不是大学生（ 但是这位老师是江苏省竞赛省队教练，水平很高,2021年2月9日
消磨时间呢,0基础学Python,千锋教育,python,B站官方账号,https://space.bilibili.com/146668655,计算机网络,这位老师是我找了这么多python视频里讲得最好的一个！,2021年2月9日
我就不信我考不过,【英语语法速成】英语零基础语法入门班,系列自学课程之初高中英语语法,岑金源/Nick大爷,英语语法,B站官方账号,https://www.bilibili.com/video/BV1L4411i7UC,英语,讲解很详细，适合小白入门。,2021年2月9日
白七花鸟猴,【日语之森】十四天学会 N2 汉字,小雪老师,日语,b站官方账号,https://www.bilibili.com/video/BV1cx411g7pS,日语,日本人用日语讲解日本汉字，生动有趣，因为全程日语上课所以比较适合日语有一定基础的人。,2021年2月8日
白七花鸟猴,【日语之森】三十六天学会 N2 语法,小雪老师,日语,b站官方账号,https://www.bilibili.com/video/BV1ex411u7W4,日语,用日本人的方法讲解语法，不会像蓝宝书那么的无趣。,2021年2月8日
lb8023lyyForever,「EDA設計流程與整合」,,電子系,YouTube公开课,https://www.youtube.com/watch?v=mQR_AriiuNw&list=PLdrYbn8q6soMk-Q_EuK25nBHDKzXGDZKF,,,2021年3月1日
黑暗河流上的闪光,《python语言基础与应用》,陈斌,计算机,中国大学MOOC,https://www.icourse163.org/course/PKU-1003479006,英语,python基础，自己全靠这位老师入门的python,2021年2月9日
www,《Python语言程序设计》,嵩天、黄天羽、礼欣,计算机,中国大学mooc,https://www.icourse163.org/course/BIT-268001,数学与应用数学,刚开始可能讲的有点浅，很多用法都没讲清楚，不过适应后就如鱼得水。这个课程学的人挺多的，如果有疑惑，基本上百度一下就能解决，还附带有解析。,2021年1月17日
绘梦星晨,《Justice: What’s the Right Thing to Do?》——《公正：一场思辨之旅》,迈克尔·桑德尔(Michael J. Sandel）,政治学,b站（哈佛公开课,BV1ct4y167fM,法学,老师台风很好，和同学的问答引人思考，跟着他的课可以看看世界政治学的发展脉络,2021年2月8日
_碳十二_,《C语言入门：程序设计》,翁恺,计算机,中国大学MOOC,https://www.icourse163.org/course/ZJU-9001,侦查学,虽然我不是计算机专业的，但感觉教的真的很棒,2021年1月15日
我是Vicky鸭,《2020法大法考民法强化》,刘家安,法学,B站官方账号,https://www.bilibili.com/video/BV1uv41147WY?from=search&seid=16671067176069799043,法学,从原理层讲述民法，随之知识层也容易懂。民法庞杂，掌握原理比琐碎的知识更为重要,2021年1月26日
假动作丶False,《【MIT】线性代数》,Gilbert Strang,线性代数,网易公开课,http://open.163.com/special/opencourse/daishu.html,几乎所用工科,对于国内的线性代数教科书水平我不用多说了吧，老爷子写的Linear Algebra and Applications久负盛名。,2021年2月8日
砢_503,《中国书法创作实践》,丘新巧,书法学,中国大学MOOC,http://www.icourse163.org/course/SHNU-1205806840,书法学,较好实践类大学书法创作课。,2021年2月11日
小皮球菌,《中国人民大学英语口语能力标准》实施系列讲座——英语语音基础与朗读技巧,田朝霞,英语,人大网站,http://sope.ruc.edu.cn/search.php?tit=%E7%94%B0%E6%9C%9D%E9%9C%9E,英语,英音发音，很了解中国学生的口语问题,2021年2月8日
萌萌的苔花9,《中国古代文学史——隋唐五代》,康震,汉语言文学,爱课程,http://www.icourses.cn/web/sword/portal/videoDetail?courseId=ff8080814a94c40f014a95178b320077#/?resId=ff8080814a94c40f014a9518dcf30079,汉语言文学,中国诗词大会上的那位老师，以诗人为线索讲文学，讲的棒极了,2021年1月20日
大浪君Dylan,《政治学概论》,李强,政治学,华文慕课,http://www.chinesemooc.org/mooc/4798,社会学,,2021年1月20日
大浪君Dylan,《政治学导论》,唐士其,政治学,华文慕课,http://www.chinesemooc.org/mooc/4769,社会学,,2021年1月20日
时萤fly,《真题全刷系列》,朱昊鲲,高中数学,b站up主,AV38876487,高中数学,这个老师所归纳的练习书籍以及里面所有的练习方法，是我认为市面上所有书里最有成效的，本人数学成绩常年没上过70分，高考108，给这位老师跪下了,2021年2月8日
Ryan,《哲学-死亡》,Shelly Kagan,哲学,网易公开课,https://open.163.com/newview/movie/free?pid=M6G42OB8E&mid=M6HSFJPTM,哲学,深入浅出,2021年2月9日
没钱买自行车只好打的,《有限元分析及应用》,曾攀,机械,学堂在线,https://www.xuetangx.com/course/THU08021000430/5883028?channel=search_result,机械,有限元良心课程,2021年2月2日
大浪君Dylan,《幽默社會學》,孫中興,社会学,臺大開放式課程,http://ocw.aca.ntu.edu.tw/ntu-ocw/ocw/cou/102S101,社会学,,2021年1月20日
邪王真眼eye,《有机化学》,李艳梅,有机化学,学堂在线,https://www.xuetangx.com/course/THU07031000429/5883025?channel=search_result,计算化学,清华的，你说牛不牛？,2021年1月15日
惊雀鸣蝉,《有机化学》,张文勤,有机化学,中国大学MOOC,,材料科学与工程,简单易懂（确信）,2021年1月17日
皓仔,《有机化学》,李艳梅,有机化学,学堂在线,https://www.xuetangx.com/course/THU07031000429/5883025?channel=search_result,应用化学,条理清晰，逻辑性强,2021年1月21日
Lmcsr,《刑法学分论）,王新,法学,超星慕课,http://mooc1.chaoxing.com/course/116837.html,法学,着重于分析法条的演变过程，加深刑法分则条文的理解程度,2021年2月8日
_碳十二_,《刑法学》,罗翔,法学,法考机构公开课,http://www.houdask.com/#/packaging/27/2020/1,侦查学,中国政法大学十大受欢迎教师,2021年1月15日
inm小顾,《心理学导论》,Paul Bloom,心理学,网易公开课,https://open.163.com/newview/movie/free?pid=M6HUJ9GBL&mid=M6HUVL53R,刑技交通,有实例，学到的比想象中多。,2021年1月15日
阿柒NANA,《心理统计与SPSS》,孟迎芳,心理学,中国大学慕课,直接搜索课程名称,心理学,体系完整，与统计学相结合，更贴进本专业学生进行专业相关的软件运用，且体系完整，结构清晰，很值得学习,2021年1月21日
Jane,《小学语文课程标准与教材研究》,王荣生,小学教育,中国大学MOOC,直接搜索,小学教育专业,目前为止，王荣生老师在小学语文课程领域的研究十分深入，为数不多的好课,2021年1月19日
Wang hy,《线性代数》,吉尔伯特,数学,网易公开课,http://open.163.com/special/opencourse/daishu.html,物理学,,2021年1月20日
休谟门下走狗,《西方哲学史》,赵林,哲学,爱课程（国家精品课）,http://www.icourses.cn/sCourse/course_6661.html,哲学,赵老师的视频丢了好多了，不要点收藏，点稍后观看，多看几节，你就会被可爱的赵老师所折服,2021年1月22日
ZCild,《西方文论》,杨宁,文学理论,B站官方账号,https://www.bilibili.com/video/BV19J411S7Us,汉语言文学,何止文学理论，作为中文系学生真的受益匪浅,2021年2月9日
匿,《吾国教育病理》,郑也夫,教育社会学,超星慕课,http://mooc1.chaoxing.com/course/200080596.html,社会学,正如UP视频所述教育问题及我们正在努力的事情——这份课程进行了更加完整、学术的讨论。主讲人是位很棒的社会学老师，郑老师在城市社会学、教育社会学等方面颇有研究与著述。此课程有同名书籍，选一即可。,2021年2月8日
地表最强土拨鼠,《文学理论课程全集》,西竹书院杨宁老师,文学理论,b站官方账号,BV1LE411e7NE,汉语言文学,理论解释通透，老师幽默且全程板书，很适合习惯记系统笔记的同学，人文社科的学生都可以听一下,2021年2月8日
佳明,《文学理论》,杨宁,文学类,B站官方账号,BV1LE411e7NE,汉语言文学,学到的何止是文学理论,2021年1月17日
ZCild,《文学理论》,杨宁,文学理论,B站官方账号,https://www.bilibili.com/video/BV1LE411e7NE,汉语言文学,何止文学理论，作为中文系学生真的受益匪浅,2021年2月9日
孟雪居士,《文献学的理论与方法》,郭英德,汉语言文学,中国大学MOOC,https://www.icourse163.org/course/BNU-1002718008,汉语言文学,对于古典文献学的入门开拓了思路,2021年2月8日
小叶小耶,《微积分》,苏德矿,高等数学,中国大学MOOC,https://www.icourse163.org/course/ZJU-1003315004,工管,生动细致,2021年1月27日
一只奶嘴儿,《微观经济学》《宏观经济学》,郑炳,经管专业基础课程,B站官方号,https://space.bilibili.com/435894752?spm_id_from=333.788.b_765f7570696e666f.2,会计,简洁明了，无论是期末考试还是考研党都适合，教材是高鸿业版，不过其他版本的内容也都差不多,2021年1月19日
砢_mitsuishi,《说文解字》与上古社会,万献初,汉语言文学,爱课程、中国大学MOOC,https://www.icourse163.org/course/WHU-500004,书法学,许慎《说文解字》入门课,2021年2月10日
Wang hy,《数学物理方法》,吴崇试,物理,爱课程,https://www.bilibili.com/video/BV13s411t7rZ?from=search&seid=2022551605020052460,物理学,吴老讲课非常有激情，讲的体系很完整，结构比较合理,2021年1月20日
黑暗河流上的闪光,《数据结构与算法python版》,陈斌,计算机,中国大学MOOC,https://www.icourse163.org/course/PKU-1206307812,英语,python进阶，看了绝不让你失望,2021年2月9日
Brynn1285,《数据结构与算法基础》,王卓,计算机,b站（授权转载,https://www.bilibili.com/video/BV1nJ411V7bd,计算机科学与技术,动态演示算法过程清晰，老师对各种算法表述清楚,2021年1月20日
假动作丶False,《数据结构》,王道课程,数据结构,B站官方账号,BV1b7411N798,计算机科学,别的不说，讲数据结构这一块非常系统，全程干货,2021年2月8日
阿柒NANA,《实验心理学》,陈彩琦,心理学,中国大学慕课,直接搜索实验心理学,心理学,条理清楚，逻辑清晰，和前沿学科相关联，与时俱进，结构完整，通俗易懂，很适合专业学生进行系统学习，爱好者也可以认识到心理学更科学的一面,2021年1月21日
猫吉木,《时尚与品牌》,任力,纺织科学与工程,中国大学MOOC,,服装设计与工程,老师上课蛮有趣的，对时尚和买手行业有自己独到的见解，这个课程很适合初学者去看，虽然ppt里的案例有点少哈哈,2021年2月9日
苏祈,《史记（一）》,吕世浩,人文学,coursera （外国公开课平台）,https://www.coursera.org/learn/shiji,汉语言文学,吕世浩老师讲的史记，是我目前听到过的最好的文史课。,2021年2月10日
花理度,《生物化学原理》,贺银成,生物化学,中国大学MOOC,,生物制药,,2021年1月16日
哈士基睡到自然醒,《生理学》,罗自强,生理学,中国大学mooc,直接搜索,医学,讲解清晰易懂，与课本结合密切。,2021年2月8日
大浪君Dylan,《社會學》,孫中興,社会学,臺大開放式課程,http://ocw.aca.ntu.edu.tw/ntu-ocw/ocw/cou/101S115,社会学,,2021年1月20日
大浪君Dylan,《社会调查与研究方法》,邱泽奇,社会科学,华文慕课,http://www.chinesemooc.org/mooc/4411,社会学,,2021年1月20日
白煠蝶,《人为何活着》,许倬云,人文思想学,B站官方账号,,影视动画,,2021年1月23日
卢大大大侠,《人人爱设计上》、《人人爱设计下》,王芬,设计思维,中国大学mooc,http://163.lu/MJq3O1,设计学,对刚开始接触设计的专业同学非常有帮助，锻炼思维能力，专业性较强，但不枯燥，感兴趣的同学学习也没有压力的,2021年2月9日
寻觅世界的每个角落,《南京大学—中国现当代文学》,,汉语言文学,国家精品课,http://www.icourses.cn/sCourse/course_3763.html,汉语言文学、教育学,老师讲的有逻辑，有重点，有趣味,2021年2月7日
Tristesse_STK,《模拟电子技术》,郑益慧,电气,B站,https://www.bilibili.com/video/BV1Gt411b7Zq,电气工程及其自动化,郑老师讲解模电不会按照解题套路去讲课，而是按照对电路功能或者实际需求来一步步推理或者拆解着讲，所以听完后很多不懂的难点会茅塞顿开。,2021年2月9日
sun湘君,《孟子》精读（全69讲）,孟琢,中国古代文学,学习通,http://erya.mooc.chaoxing.com/search?val=%E5%AD%9F%E7%90%A2,中国语言文学,幽默风趣，重点突出，了解四书的好路径。,2021年1月20日
东方月圆,《门外汉画形状》,b站up主学艺不精的门外汉,绘画,B站up主官方号,https://b23.tv/JRJ8wR,动漫,老师几乎打破了传统观念 质量很高,2021年1月19日
,《满语》,王硕（完颜苏勒景圣）,中国少数民族语言文学,b站官方账号,BV1fE411i7my,中国少数民族语言文学、中国古典文献学、明清史、文献语言学,课程清晰易懂，是明清史、中国古典文献学、中国少数民族语言文学专业，《满语》类课程的入门精品,2021年2月8日
哎呀大菠萝,《聆听音乐》,克雷格·莱特 （Craig Wright）,古典音乐欣赏,网易公开课,https://open.163.com/newview/movie/free?pid=M6HUGST1G&mid=M6HUJ4KR2,音乐史,本课程适合有一定乐理基础或对古典音乐、音乐史等有兴趣的同学，克雷格·莱特先生鞭辟入里的通过对诸多古典名曲的分析详细地阐述了音乐的奥秘与西方音乐体系的伟大与精妙之处，课程对应CD可以在喜马拉雅等平台搜索课程名称免费收听,2021年2月9日
贾黎顿,《零基础学C语言》,马钊,C语言,中国大学MOOC,https://www.icourse163.org/course/CUG-1001632003,自动化,零基础C语言启蒙，老师语速不快，讲得通俗易懂，生动形象，详细全面难度过渡地自然流畅，不会出现突然听不懂的情况。,2021年1月17日
东方月圆,《零基础二次元绘画系列教学》,b站up主沙包-Chilli,绘画,B站up主官方号,https://b23.tv/S2JfKM,动漫,基础很好，视频简洁清晰,2021年1月19日
东方月圆,《零基础BLENDER2.8中文开源系统入门教程》,b站up主只剩一瓶辣椒酱,建模,B站up主官方号,https://b23.tv/lq0nzz,动漫,老师很厉害且很良心,2021年1月19日
张亦可,《理论力学》（物理类）,任延宇,物理学,中国大学MOOC,https://www.icourse163.org/course/HIT-1206323802,物理学,任老师的课程应该是全网最好的理论力学课了，板书清楚，推导详细，讲课有条理，不需要什么高数基础都能够听懂的理论力学。,2021年2月8日
精资小白痴,《经济学通识》,薛兆丰,经济学,b站,BV1gJ4113797,经济学,博君一孝，哄堂大孝,2021年1月22日
,《结构化学基础》,孙宏伟,结构化学,官方,https://struchem.nankai.edu.cn/jghx.htm,,,2021年1月15日
寻光,《红楼梦》,欧丽娟,文学类,台湾大学公开/B站,http://ocw.aca.ntu.edu.tw/ntu-ocw/index.php/ocw/cou/101S120/7,历史学,系统、全面、深刻，而且让我有醍醐灌顶之感,2021年1月17日
ZCild,《古代文论》,杨宁,文学理论,B站官方账号,https://www.bilibili.com/video/BV1o7411L73E,汉语言文学,何止文学理论，作为中文系学生真的受益匪浅,2021年2月9日
血溢夏秋,《高分子化学》,李伯耿,高分子化学/化工,爱课程,http://www.icourses.cn/sCourse/course_4319.html,高分子材料与工程,,2021年1月18日
风清气,《高等数学》、《高等数学典型例题与解法》,朱建民,高等数学,中国大学mooc,https://www.icourse163.org/learn/NUDT-1001616011?tid=1461597445#/learn/announce,高等数学,高数启蒙老师，老师的讲解非常细致，有种娓娓道来的感觉，推导基本上都是板书，板书有误的地方后期也改过来了，非常推荐~,2021年2月9日
假动作丶False,《高等数学》一到七,朱建明,高等数学,中国大学mooc,https://www.icourse163.org/course/NUDT-9004,各种工科,不像大多数老师念ppt，每一节都有一个导论，每一个公式都会推导在黑板上推导一遍。,2021年2月8日
阿强爱吹风,《概率论与统计学》,洪永淼,,官网,https://probability.xmu.edu.cn/,金融,对进一步学习（高级）计量经济学很有帮助。,2021年1月23日
猫吉木,《服装立体裁剪》,吴巧英,纺织科学与工程,中国大学MOOC,,服装设计与工程,从立体裁剪原理引入课程，实景拍摄，系统性强，学完基本可以上手进行服装立裁制作,2021年2月9日
阿柒NANA,《发展心理学》,苏彦捷,心理学,中国大学慕课,直接搜索课程名称,心理学,建立发展心理学的知识体系，不仅仅是书上内容，有利于了解一个生命全程的发展，很有意思,2021年1月21日
慕,《法语入门系列》,法语二师兄,法语,b站up,https://www.bilibili.com/video/BV1a7411m7Uu?from=search&seid=8006872228236202462,法语,基础，详细,2021年2月9日
水清浅,《大学物理》,东南大学物理系老师,大学物理,爱课程,http://www.icourses.cn/web/sword/portal/shareDetails?cId=2532#/course/chapter,电气工程及其自动化,大学物理上册自学全靠这个。,2021年1月15日
zsh,《大学生服务外包概论》,尚硅谷一众老师,web前端,B站官方账号,https://www.bilibili.com/video/BV1YW411T7GX?spm_id_from=333.788.b_636f6d6d656e74.8,web前端,以超哥的js核心为例，下面有从入门到入土的所有教程，超良心,2021年2月10日
卢大大大侠,《创意思维训练》,曹黄,设计思维,中国大学mooc,http://163.lu/MQFAP1,设计学,探讨图形创意，图案创意的方法，适合视觉设计，服装设计，产品设计专业同学观看，非常的有干货！,2021年2月9日
斯莫斯咖福,《超级育儿师》,兰海,幼儿心理学,爱奇艺/腾讯视频,直接搜索《超级育儿师》,学前教育,有具体的案例可以观看，看老师是如何处理家庭问题的，把书本的知识转化为解决问题的能力,2021年2月2日
砢_mitsuishi,《草书字法教程》,刘东芹,书法学,中国大学MOOC,https://www.icourse163.org/course/HYTC-1449787173,书法学,草书字法学习入门必修。预备知识：有一定的书法基础，最好临摹过孙过庭《书谱》、王羲之《十七帖》等草书，学习过《说文解字》。,2021年2月10日
叫啥都行,《材料科学基础》,王永欣,材料科学基础,中国大学mooc,,材料科学与工程,老师讲的比较细，速度适中,2021年1月17日
绝命香菜,《半导体物理》,,微电子,官网,https://sme.xidian.edu.cn/html/bkjj/zxkt/bdtwl1/,电子科学与技术,通俗易懂，讲的很棒(备注∶不知道为啥老师名字那格不显示，填到后面一格了),2021年2月9日
大浪君Dylan,《愛情社會學》,孫中興,社会学,臺大開放式課程,http://ocw.aca.ntu.edu.tw/ntu-ocw/ocw/cou/101S116,社会学,,2021年1月20日
哦啵啵啵oo,[野火]STM32 HAL库开发实战指南,野火,嵌入式软件工程,B站Up,https://www.bilibili.com/video/BV18X4y1M763,计算机科学,知识含量全面末节丰富,快速入门都是2倍数,适合熟鸟有助于提升开发进度*100,2021年2月10日
哦啵啵啵oo,[野火]STM32 FreeRTOS内核实现与应用开发实战指南,野火,嵌入式软件工程,B站Up,https://www.bilibili.com/video/av57449565,计算机科学,知识含量全面末节丰富,快速入门都是2倍数,操作系统,推荐顺序(2),2021年2月10日
哦啵啵啵oo,[野火]STM32 emWin实战指南,野火,嵌入式软件工程,B站Up,https://www.bilibili.com/video/BV16t4y117rN,计算机科学,知识含量全面末节丰富,快速入门都是2倍数,图形软件库,推荐顺序(1),2021年2月10日
哦啵啵啵oo,[野火]STM32 电机应用开发实战指南,野火,嵌入式软件工程,B站Up,https://www.bilibili.com/video/BV1AZ4y1V7wt,计算机科学,知识含量全面末节丰富,快速入门都是2倍数,电机应用,推荐顺序(3),2021年2月10日
哦啵啵啵oo,[韦东山]Linux嵌入式全系列视频_快速入门篇,韦东山,嵌入式软件工程,B站Up,https://www.bilibili.com/video/BV1w4411B7a4,计算机科学,知识含量全面末节丰富,一辈子都学不完嘻嘻,2021年2月10日
氧离子di,(上海交通大学张志华)机器学习导论,B站零基础学UI设计,机器学习导论,B站,https://www.bilibili.com/video/BV1jt411b76n?t=304,通信工程,个人觉得很详细，有趣,2021年6月18日
升腾腾,(非大学专业课),morty,英语,B站官方账号,BV1J4411B7n8,政治学与行政学,课程满满的干货，特别适合英语基础特别差的同学,2021年1月16日
姜太公钓鱼,
文学理论,杨宁,汉语言文学,官方B站号,,历史学,课堂活泼生动，非专业同学看起来也非常上头,2021年2月9日
空白的阿栗,,钱铭怡,变态心理学,爱课程,,工商管理,,2021年1月16日
渣方是个沙雕鸭,,罗昭锋,文献管理与信息分析,中国大学mooc,,化学,,2021年1月19日
jiang_star,,菜鸟教程,各种编程语言,网站,https://www.runoob.com,计科,全面，简洁，详细,2021年2月8日
当微风吹拂我们的脸颊,,杨宁,,官方B站号,,西方文论,,2021年2月8日
他告诉大家,,沃尔特-略文,经典力学,网易公开课,https://open.163.com/newview/movie/free?pid=YERO8NBPQ&mid=EERO8NBQV,经典力学,优质课程，但不是最新的,2021年2月9日
爱学习的小叮当猫,,B站UP主,电子商务概论,B站up,https://b23.tv/uecuJ8,电子商务,,2021年2月9日
kkkllkkkk,,,英语,b站官方账号,BV1U7411t7sG,英语,共96集，涵盖初中，高中，四六级，专四专八，考研，托福雅思，GRE的英语学习,2021年2月10日
朴eason_,,景晴,药理学,医学教育网,,临床医学,景晴的药理学我看一半了，非常好,2021年2月10日
舒心__,,老师杂乱【自行学习】,【全年级英语】初中、高中、四级、六级、考研、专四、专八、GR，托福,up主原创,https://www.bilibili.com/video/BV1U7411t7sG,【全年级英语】初中、高中、四级、六级、考研、专四、专八、GR，托福,很高兴终于把所有等级的英语单词视频做完了。从发的第一个英语四六级单词到现在，刚好八个月了。一开始纯粹也就是做着好玩，考研相关也是自己用，不过后面和越来越多人聊天发现，大家对各类单词视频都有着需要，尝试做了下其它的。最初自己也是小白，对各类软件都不熟悉，期间学习和用了PR、PE、PS、arctime、小丸工具箱、lrc歌词编辑器、WPS、爱剪辑、狸窝视频助手、aegisub、格式工厂、甚至网易云音乐和QQ音乐，最终才把这些视频做出来了。最后希望视频能给大家帮助。,2021年2月11日
半城繁华半城殇,,宋浩,高等数学,B站官方账号,,高等数学,,2021年2月20日
AD,,b站xin的景观图志,风景园林系,,,风景园林,,2021年3月4日
全网通缉在逃ing,,黑马程序员,编程,B站官方,https://space.bilibili.com/37974444?from=search&seid=593529254248611123,汉语言文学,,
余暮雪,数学物理方法,姜颖,物理学,,,物理学类,公式推导讲的非常详细，非常适合预习,2021/12/16 19:18:52
余暮雪,电工电子学,秦三勇,物理学,,,物理学类,配合秦曾煌老师编写的电工学课本（高等教育出版社）最佳（秦三勇老师就是这本书的副编），老师讲的非常详细，板书也做得非常棒，B站有课程，可以说无论是预习还是学习都非常合适，不过由于课时较长，可能不太适合复习（https://www.bilibili.com/video/BV1et411z7Nz?spm_id_from=333.1007.top_right_bar_window_custom_collection.content.click）,2021/12/16 19:26:54
六个小兵打酱油,老版新日语基础教程—浙江大学张向荣第01-258讲,张向荣,日语,,,日语新手开始学日语,老师讲的非常详细，只要认真跟着学，上手学会日语并不难,2021/12/16 20:33:52
快乐的鼠兔,仓储与库存管理,张旭凤、解晓灵 、刘俐 、梁晨 、赵琨,物流、仓储,,,物流管理,物流领域难得的国家级课程，在mooc平台上即可免费参加,2021/12/16 21:00:18
时空宙皇,【2022】【专升本高等数学】【基础全程班】【专升本高数】,杰哥专升本,数学,,,网络技术,非常适合专科生学高数,2021/12/17 15:38:24
时空宙皇,英语零基础语法入门班,系列自学课程之初高中英语语法,NIckcen英语课堂,英语,,,网络技术,非常适合零基础的人学习英语语法,2021/12/17 15:42:07
闲云野鹤c、,医学影像,孟悛非,医学/临床,,,孟悛非,,2021/12/17 19:19:33
Diamond.T.X,区块链技术与应用,北京大学肖甄,区块链,,,计算机；金融,老师讲得很清晰 能对区块链这个底层技术基础有个大概的了解。B站就能查到老师的视频课程！,2021/12/17 23:02:40
达瓦里氏,新概念英语新东方,不记得了,英语,,,英语,加油,2021/12/18 0:25:25